Authors,Abstract,Column 5,Year,Cited by,Focus on user privacy ?,Does the work related to telecommunications or network services ?, Does the work focused on both Quality of Experience (QoE) and user privacy aspects ?,Has Access to the PDF ?,Title,DOI Cite,What privacy mechanism is employed by the authors?,"What strategies and approaches did the authors use to measure QoE? (e.g., objective metrics, subjective metrics)",Technology Employed,Application Domain,Network Context,Type of Contribution,Evaluation Method,Type of Study,"
 Open Source/Libraries or Tools","Research focus (e.g., QoE measurement, privacy preservation, both)","
What is the Limitations ?",What is the Future Works ?,DOI,Use Case or Application,Technology Employed 2,Notes,Study Result and Conclusions
He G.; Su W.; Gao S.; Liu N.; Das S.K.,"Multi-domain networking slice orchestration is an essential technology for the programmable and cloud-native 5G network. However, existing research solutions are either based on the impractical assumption that operators will reveal all the private network information or time-consuming secure multi-party computation which is only applicable to limited computation scenarios. To provide agile and privacy-preserving end-to-end network slice orchestration services, this paper proposes NetChain, a multi-domain network slice orchestration architecture based on blockchain and trusted execution environment. Correspondingly, we design a novel consensus algorithm CoNet to ensure the strong security, scalability, and information consistency of NetChain. In addition, a bilateral evaluation mechanism based on game theory is proposed to guarantee fairness and Quality of Experience by suppressing the malicious behaviors during multi-domain network slice orchestration. Finally, the prototype of NetChain is implemented and evaluated on the Microsoft Azure Cloud with confidential computing. Experiment results show that NetChain has good performance and security under the premise of privacy-preserving. © 2022 IEEE.","Title: NetChain: A Blockchain-Enabled Privacy-Preserving Multi-Domain Network Slice Orchestration Architecture

Research Abstract: Multi-domain networking slice orchestration is an essential technology for the programmable and cloud-native 5G network. However, existing research solutions are either based on the impractical assumption that operators will reveal all the private network information or time-consuming secure multi-party computation which is only applicable to limited computation scenarios. To provide agile and privacy-preserving end-to-end network slice orchestration services, this paper proposes NetChain, a multi-domain network slice orchestration architecture based on blockchain and trusted execution environment. Correspondingly, we design a novel consensus algorithm CoNet to ensure the strong security, scalability, and information consistency of NetChain. In addition, a bilateral evaluation mechanism based on game theory is proposed to guarantee fairness and Quality of Experience by suppressing the malicious behaviors during multi-domain network slice orchestration. Finally, the prototype of NetChain is implemented and evaluated on the Microsoft Azure Cloud with confidential computing. Experiment results show that NetChain has good performance and security under the premise of privacy-preserving. © 2022 IEEE.based on the research abstract, give me in simple terms but in a concise manner:

I) Does the work related to telecommunications or network services ?

II) Does the work focused on both Quality of Experience (QoE) and user privacy aspects ?

III) What is the use case or application ?

IV) What the technologies employed ?

V) Give me results and conclusions of this research

Vi) In a text manner, Please provide a summary of the abstract in simple terms, highlighting the contributions and technologies employed.",2022,10,yes,yes,yes,Yes,NetChain: A Blockchain-Enabled Privacy-Preserving Multi-Domain Network Slice Orchestration Architecture,\citeauthor{10.1109/TNSM.2021.3110057} \cite{10.1109/TNSM.2021.3110057},Blockchain,Objective Metrics and Subjective Metrics,Trusted Execution Environment,Network Slice,5G,Framework,Experiment,Empirical,Microsoft CCF platform and Open Enclave SDK,Quality of Experience (QoE) measurement and privacy preservation,The architecture's reliance on Intel SGX presents certain limitations related to side-channel attacks and challenges in the transparent verification of SGX-based implementations​,Future research aims to explore alternatives to Intel SGX and improve the privacy-preserving mechanisms within NetChain,10.1109/TNSM.2021.3110057,multi-domain network slice orchestration,Trusted execution environment,"This research presents NetChain, a system that uses blockchain and secure computing environments to manage 5G network slices across different operators while keeping their private data safe. The study introduces a new algorithm, CoNet, to ensure strong security and smooth collaboration between operators. It also includes a mechanism to prevent unfair behavior and ensure good service quality. ","The research demonstrates that NetChain, the proposed architecture, performs well in terms of both security and efficiency, while also preserving privacy. The results from experiments on Microsoft Azure Cloud show that it is a practical solution for multi-domain 5G network slice orchestration, offering agility, scalability, and strong privacy protections."
Bordel Sánchez B.; Alcarria R.; Ladid L.; Machalek A.,"The data economy has arisen in most developed countries. Instruments and tools to extract knowledge and value from large collections of data are now available and enable new industries, business models, and jobs. However, the current data market is asymmetric and prevents companies from competing fairly. On the one hand, only very specialized digital organizations can manage complex data technologies such as Artificial Intelligence and obtain great benefits from third-party data at a very reduced cost. On the other hand, datasets are produced by regular companies as valueless sub-products that assume great costs. These companies have no mechanisms to negotiate a fair distribution of the benefits derived from their industrial data, which are often transferred for free. Therefore, new digital data-driven marketplaces must be enabled to facilitate fair data trading among all industrial agents. In this paper, we propose a blockchain-enabled solution to monetize industrial data. Industries can upload their data to an Inter-Planetary File System (IPFS) using a web interface, where the data are randomized through a privacy-preserving algorithm. In parallel, a blockchain network creates a Non-Fungible Token (NFT) to represent the dataset. So, only the NFT owner can obtain the required seed to derandomize and extract all data from the IPFS. Data trading is then represented by NFT trading and is based on fungible tokens, so it is easier to adapt prices to the real economy. Auctions and purchases are also managed through a common web interface. Experimental validation based on a pilot deployment is conducted. The results show a significant improvement in the data transactions and quality of experience of industrial agents. © 2024 by the authors.","Title: Using Privacy-Preserving Algorithms and Blockchain Tokens to Monetize Industrial Data in Digital Marketplaces †

Research Abstract: The data economy has arisen in most developed countries. Instruments and tools to extract knowledge and value from large collections of data are now available and enable new industries, business models, and jobs. However, the current data market is asymmetric and prevents companies from competing fairly. On the one hand, only very specialized digital organizations can manage complex data technologies such as Artificial Intelligence and obtain great benefits from third-party data at a very reduced cost. On the other hand, datasets are produced by regular companies as valueless sub-products that assume great costs. These companies have no mechanisms to negotiate a fair distribution of the benefits derived from their industrial data, which are often transferred for free. Therefore, new digital data-driven marketplaces must be enabled to facilitate fair data trading among all industrial agents. In this paper, we propose a blockchain-enabled solution to monetize industrial data. Industries can upload their data to an Inter-Planetary File System (IPFS) using a web interface, where the data are randomized through a privacy-preserving algorithm. In parallel, a blockchain network creates a Non-Fungible Token (NFT) to represent the dataset. So, only the NFT owner can obtain the required seed to derandomize and extract all data from the IPFS. Data trading is then represented by NFT trading and is based on fungible tokens, so it is easier to adapt prices to the real economy. Auctions and purchases are also managed through a common web interface. Experimental validation based on a pilot deployment is conducted. The results show a significant improvement in the data transactions and quality of experience of industrial agents. © 2024 by the authors.based on the research abstract, give me in simple terms but in a concise manner:

I) Does the work related to telecommunications or network services ?

II) Does the work focused on both Quality of Experience (QoE) and user privacy aspects ?

III) What is the use case or application ?

IV) What the technologies employed ?

V) Give me results and conclusions of this research

Vi) In a text manner, Please provide a summary of the abstract in simple terms, highlighting the contributions and technologies employed.",2024,1,yes,yes,yes,Yes,Using Privacy-Preserving Algorithms and Blockchain Tokens to Monetize Industrial Data in Digital Marketplaces †,\citeauthor{10.3390/computers13040104} \cite{10.3390/computers13040104},Blockchain,Objective Metrics,Trifork pseudorandom number generator,Data Market,Different Contexts,Framework,Experiment,Empirical,Ganache for Ethereum simulation,Quality of Experience (QoE) measurement and privacy preservation,"The paper notes that the pilot was conducted in a controlled environment, which may limit the generalizability of the results. Scalability and long-term performance were not thoroughly evaluated",The authors suggest expanding the system to other industrial sectors and exploring more complex privacy-preserving mechanisms​,10.3390/computers13040104,blockchain-enabled digital marketplace where industries can monetize their industrial data ,NFTs and IPFS,"This research proposes a solution for industries to fairly monetize their data using blockchain technology. The current data economy is uneven, with many companies unable to profit from their valuable industrial data. The researchers designed a system where companies can upload their data to a decentralized storage system (IPFS), and privacy-preserving algorithms protect the data. A Non-Fungible Token (NFT) is created to represent ownership of the data, and only the NFT owner can access the full data. Data trading happens through these NFTs, and the system uses fungible tokens to manage payments, making pricing more adaptable to the real economy. ","The blockchain-enabled marketplace allows for fairer data trading among industrial companies, ensuring that they can monetize their data.
The use of NFTs and privacy-preserving algorithms ensures secure and private transactions.
Experimental results show a significant improvement in data transactions and the Quality of Experience (QoE) for industrial agents using the marketplace."
Le K.-H.; Le-Minh K.-H.; Thai H.-T.,"Along with the proliferation of the Internet of Things (IoT) and the surge in the use of artificial intelligence (AI), Edge Computing has proved considerable success in reducing latency, network traffic consumption, and security risks. The convergence of AI and Edge Computing, emerging a brand-new paradigm called edge intelligence, has been expected to unleash the full potential of intelligent IoT services. Unfortunately, integrating AI and Edge Computing into IoT is highly challenging due to the concerns over IoT device performance, energy efficiency, and privacy. In this paper, we present brainyEdge, an AI-enabled framework for edge devices able to jointly satisfy the Quality of Experience (QoE) criteria of IoT applications. We enhanced the intelligence of AI models operating at edges by designing a learning procedure consisting of transfer learning and incremental learning to dynamically retrain the models with personalized and incremental data locally stored. These data are classified into private data permanently stored in edges and public data shared in the cloud. This increases the edge-cloud collaboration level while preserving data privacy. To minimize the network cost of deploying the models to edge devices, we developed a lightweight deployment paradigm supporting cloud-compression and edge-decompression based on a user-desired compression ratio. Our prototype-based evaluation results indicate the superiority of brainyEdge over a typical edge-cloud paradigm. © 2021 The Author(s)","Title: BrainyEdge: An AI-enabled framework for IoT edge computing

Research Abstract: Along with the proliferation of the Internet of Things (IoT) and the surge in the use of artificial intelligence (AI), Edge Computing has proved considerable success in reducing latency, network traffic consumption, and security risks. The convergence of AI and Edge Computing, emerging a brand-new paradigm called edge intelligence, has been expected to unleash the full potential of intelligent IoT services. Unfortunately, integrating AI and Edge Computing into IoT is highly challenging due to the concerns over IoT device performance, energy efficiency, and privacy. In this paper, we present brainyEdge, an AI-enabled framework for edge devices able to jointly satisfy the Quality of Experience (QoE) criteria of IoT applications. We enhanced the intelligence of AI models operating at edges by designing a learning procedure consisting of transfer learning and incremental learning to dynamically retrain the models with personalized and incremental data locally stored. These data are classified into private data permanently stored in edges and public data shared in the cloud. This increases the edge-cloud collaboration level while preserving data privacy. To minimize the network cost of deploying the models to edge devices, we developed a lightweight deployment paradigm supporting cloud-compression and edge-decompression based on a user-desired compression ratio. Our prototype-based evaluation results indicate the superiority of brainyEdge over a typical edge-cloud paradigm. © 2021 The Author(s)based on the research abstract, give me in simple terms but in a concise manner:

I) Does the work related to telecommunications or network services ?

II) Does the work focused on both Quality of Experience (QoE) and user privacy aspects ?

III) What is the use case or application ?

IV) What the technologies employed ?

V) Give me results and conclusions of this research

Vi) In a text manner, Please provide a summary of the abstract in simple terms, highlighting the contributions and technologies employed.",2023,9,yes,yes,yes,Yes,BrainyEdge: An AI-enabled framework for IoT edge computing,\citeauthor{10.1016/j.icte.2021.12.007} \cite{10.1016/j.icte.2021.12.007},Differential Privacy ,Objective Metrics and Subjective Metrics,Transfer Learning,Internet of Things,B5G and 6G,Framework,Experiment,Empirical,"TensorFlow, PyTorch, and the xxHash ",Quality of Experience (QoE) measurement and privacy preservation,Limitations include potential performance drops at high compression ratios and challenges related to the computational capacity of resource-constrained edge devices.,Future directions include refining the framework for broader IoT applications and addressing further enhancements in model compression and privacy mechanisms for more complex AI tasks.,10.1016/j.icte.2021.12.007,IoT edge computing ,,"This research introduces brainyEdge, an AI-enabled framework for IoT edge computing, designed to enhance IoT services by reducing latency and network traffic while preserving user privacy. The framework uses advanced AI techniques like transfer learning and incremental learning to dynamically update AI models on edge devices without needing frequent cloud access. By separating private data stored locally from public data shared with the cloud, brainyEdge achieves high efficiency in edge-cloud collaboration. The framework also employs a lightweight deployment strategy using cloud-compression and edge-decompression, improving the cost-effectiveness of deploying AI models. ","The evaluation of the brainyEdge framework shows that it outperforms traditional edge-cloud models by providing better performance in terms of reduced network traffic, enhanced QoE, and improved privacy. The framework enables efficient edge-cloud collaboration, dynamic AI model updating, and optimized data handling, leading to better IoT service delivery."
Zhou E.; Turcotte J.; De Carli L.,"End-to-end encryption is now ubiquitous on the internet. By securing network communications with TLS, parties can insure that in-transit data remains inaccessible to collection and analysis. In the IoT domain however, end-to-end encryption can paradoxically decrease user privacy, as many IoT devices establish encrypted communications with the manufacturer's cloud backend. The content of these communications remains opaque to the user and in several occasions IoT devices have been discovered to exfiltrate private information (e.g., voice recordings) without user authorization. In this paper, we propose Inspection-Friendly TLS (IF-TLS), an IoT-oriented, TLS-based middleware protocol that preserves the encryption offered by TLS while allowing traffic analysis by middleboxes under the user's control. Differently from related efforts, IF-TLS is designed from the ground up for the IoT world, adding limited complexity on top of TLS and being fully controllable by the residential gateway. At the same time it provides flexibility, enabling the user to offload traffic analysis to either the gateway itself, or cloud-based middleboxes. We implemented a stable, Python-based prototype IF-TLS library; preliminary results show that performance overhead is limited and unlikely to affect quality-of-experience. © 2020 IEEE.","Title: Enabling Security Analysis of IoT Device-to-Cloud Traffic

Research Abstract: End-to-end encryption is now ubiquitous on the internet. By securing network communications with TLS, parties can insure that in-transit data remains inaccessible to collection and analysis. In the IoT domain however, end-to-end encryption can paradoxically decrease user privacy, as many IoT devices establish encrypted communications with the manufacturer's cloud backend. The content of these communications remains opaque to the user and in several occasions IoT devices have been discovered to exfiltrate private information (e.g., voice recordings) without user authorization. In this paper, we propose Inspection-Friendly TLS (IF-TLS), an IoT-oriented, TLS-based middleware protocol that preserves the encryption offered by TLS while allowing traffic analysis by middleboxes under the user's control. Differently from related efforts, IF-TLS is designed from the ground up for the IoT world, adding limited complexity on top of TLS and being fully controllable by the residential gateway. At the same time it provides flexibility, enabling the user to offload traffic analysis to either the gateway itself, or cloud-based middleboxes. We implemented a stable, Python-based prototype IF-TLS library; preliminary results show that performance overhead is limited and unlikely to affect quality-of-experience. © 2020 IEEE.based on the research abstract, give me in simple terms but in a concise manner:

I) Does the work related to telecommunications or network services ?

II) Does the work focused on both Quality of Experience (QoE) and user privacy aspects ?

III) What is the use case or application ?

IV) What the technologies employed ?

V) Give me results and conclusions of this research

Vi) In a text manner, Please provide a summary of the abstract in simple terms, highlighting the contributions and technologies employed.",2020,3,yes,yes,yes,Yes,Enabling Security Analysis of IoT Device-to-Cloud Traffic,\citeauthor{10.1109/TrustCom50675.2020.00258} \cite{10.1109/TrustCom50675.2020.00258}, IF-TLS,Not Provided,TLS-based protocol called Inspection-Friendly TLS (IF-TLS),Internet of Things,Different Contexts,Method,Experiment,Theoretical,Not Provided,Quality of Experience (QoE) measurement and privacy preservation,"One key limitation is that the current design does not authenticate middleboxes, which could allow certain attacks, such as MAC spoofing or IP spoofing, to bypass security. The protocol also introduces additional overhead when compared to standard TLS​"," Future work involves exploring middlebox authentication to address spoofing attacks and refining the protocol for broader use cases, including making it more efficient and secure for different deployment scenarios.",10.1109/TrustCom50675.2020.00258,analyze the encrypted communications between IoT devices and cloud servers to detect unauthorized data exfiltration without compromising the encryption provided by TLS.,,"This research introduces a new protocol called Inspection-Friendly TLS (IF-TLS), designed to help users analyze the encrypted traffic between their IoT devices and cloud servers. While encryption (like TLS) normally keeps data secure, it can sometimes prevent users from seeing if their devices are sending private information without permission. IF-TLS solves this by letting users monitor the traffic while keeping encryption intact. The protocol is lightweight and flexible, allowing traffic analysis to be done by devices at home or in the cloud. ","The preliminary results show that the IF-TLS protocol introduces limited performance overhead, making it feasible for real-world IoT applications. The protocol maintains the encryption benefits of TLS while allowing controlled traffic analysis, offering a balance between security and transparency.

"
Dillbary N.; Yozevitch R.; Dvir A.; Dubin R.; Hajaj C.,"In recent years, privacy and security concerns have led to the wide adoption of encrypted protocols, making encrypted traffic a major portion of overall communications online. The transition into more secure protocols poses significant challenges for internet service providers to utilize traditional traffic classification techniques in order to guarantee the Quality of Service (QoS), Quality of Experience (QoE), and cyber-security of their customers. In this work, we introduce two methods, namely STFT-TC and DWT-TC, leveraging compact time-series representation coupled with well-known techniques from the field of Digital Signal Processing (DSP): the short-time Fourier transform (STFT) and the discrete wavelet transform (DWT). The STFT-TC method extracts a suite of statistical and spectral features from the magnitude spectrogram, offering a fresh perspective on interpreting and classifying encrypted traffic. The DWT-TC method extracts statistical features from the wavelet coefficients and incorporates unique characteristics that describe the signal's shape and energy distribution. Evaluating our methods on two public QUIC datasets demonstrated improvements in accuracy of up to 5.7%. Similarly, the F1-scores also showed enhancements, with increments of up to 5.9% for the same datasets. © 2024 IEEE.","Title: Hidden in Time, Revealed in Frequency: Spectral Features and Multiresolution Analysis for Encrypted Internet Traffic Classification

Research Abstract: In recent years, privacy and security concerns have led to the wide adoption of encrypted protocols, making encrypted traffic a major portion of overall communications online. The transition into more secure protocols poses significant challenges for internet service providers to utilize traditional traffic classification techniques in order to guarantee the Quality of Service (QoS), Quality of Experience (QoE), and cyber-security of their customers. In this work, we introduce two methods, namely STFT-TC and DWT-TC, leveraging compact time-series representation coupled with well-known techniques from the field of Digital Signal Processing (DSP): the short-time Fourier transform (STFT) and the discrete wavelet transform (DWT). The STFT-TC method extracts a suite of statistical and spectral features from the magnitude spectrogram, offering a fresh perspective on interpreting and classifying encrypted traffic. The DWT-TC method extracts statistical features from the wavelet coefficients and incorporates unique characteristics that describe the signal's shape and energy distribution. Evaluating our methods on two public QUIC datasets demonstrated improvements in accuracy of up to 5.7%. Similarly, the F1-scores also showed enhancements, with increments of up to 5.9% for the same datasets. © 2024 IEEE.based on the research abstract, give me in simple terms but in a concise manner:

I) Does the work related to telecommunications or network services ?

II) Does the work focused on both Quality of Experience (QoE) and user privacy aspects ?

III) What is the use case or application ?

IV) What the technologies employed ?

V) Give me results and conclusions of this research

Vi) In a text manner, Please provide a summary of the abstract in simple terms, highlighting the contributions and technologies employed.",2024,0,yes,yes,yes,Yes,"Hidden in Time, Revealed in Frequency: Spectral Features and Multiresolution Analysis for Encrypted Internet Traffic Classification",\citeauthor{10.1109/CCNC51664.2024.10454807} \cite{10.1109/CCNC51664.2024.10454807},Encrypted Traffic ,Objective Metrics,"Time-series representations, STFT, DWT, and Random Forest classifiers",Encrypted Traffic Classification,Different Contexts,Method,Experiment,Empirical,Not Provided,Quality of Experience (QoE) measurement and privacy preservation,The paper highlights the complexity of interpreting spectral features and the need for extensive computational resources. It also suggests that real-time deployment may require further optimization.,The authors propose exploring the real-time classification capabilities of their framework and further refining the contribution of individual features to improve classification performance.,10.1109/CCNC51664.2024.10454807,Encrypted Traffic Classification,Discrete wavelet transform,"This research focuses on classifying encrypted internet traffic, which has become increasingly common due to privacy and security concerns. Traditional methods struggle with this, so the authors propose two new techniques using Digital Signal Processing (DSP): the short-time Fourier transform (STFT) and the discrete wavelet transform (DWT). These methods analyze the signal's shape and energy over time to classify encrypted traffic more effectively.","The proposed methods, STFT-TC and DWT-TC, showed improvements in classification accuracy of up to 5.7% and F1-score increases of up to 5.9% on public QUIC datasets. These methods provide enhanced ways of classifying encrypted traffic compared to traditional techniques."
Wei X.; Yang C.,"Proactive tile-based virtual reality (VR) video streaming can use the trace of FoV and eye movement to predict future requested tiles, then render and deliver the predicted tiles before playback. The quality of experience (QoE) depends on the combined effect of tile prediction and consumed resources. Recently, it has been found that with the field of view (FoV) and eye movement data collected for a user, one can infer the identity and preference of the user. Existing works investigate the privacy protection for eye movement, but never address how to protect the privacy in terms of FoV and how the privacy protection affects the QoE. In this paper, we strive to characterize and satisfy the FoV privacy requirement. We consider ""trading resources for privacy"". We first add camouflaged tile requests around the actual FoV and define spatial degree of privacy (SDoP) as a normalized number of camouflaged tile requests. By consuming more resources to ensure SDoP, the actual FoVs can be hidden. Then, we proceed to analyze the impacts of SDoP on the QoE by jointly optimizing the durations for prediction, computing, and transmission that maximizes the QoE given arbitrary predictor, configured resources, and SDoP. We find that a larger SDoP requires more resources but degrades the performance of tile prediction. Simulation with state-of-the-art predictors on a real dataset verifies the analysis and shows that a user requiring a larger SDoP can be served with better QoE.  © 2022 IEEE.","Title: FoV Privacy-aware VR Streaming

Research Abstract: Proactive tile-based virtual reality (VR) video streaming can use the trace of FoV and eye movement to predict future requested tiles, then render and deliver the predicted tiles before playback. The quality of experience (QoE) depends on the combined effect of tile prediction and consumed resources. Recently, it has been found that with the field of view (FoV) and eye movement data collected for a user, one can infer the identity and preference of the user. Existing works investigate the privacy protection for eye movement, but never address how to protect the privacy in terms of FoV and how the privacy protection affects the QoE. In this paper, we strive to characterize and satisfy the FoV privacy requirement. We consider ""trading resources for privacy"". We first add camouflaged tile requests around the actual FoV and define spatial degree of privacy (SDoP) as a normalized number of camouflaged tile requests. By consuming more resources to ensure SDoP, the actual FoVs can be hidden. Then, we proceed to analyze the impacts of SDoP on the QoE by jointly optimizing the durations for prediction, computing, and transmission that maximizes the QoE given arbitrary predictor, configured resources, and SDoP. We find that a larger SDoP requires more resources but degrades the performance of tile prediction. Simulation with state-of-the-art predictors on a real dataset verifies the analysis and shows that a user requiring a larger SDoP can be served with better QoE.  © 2022 IEEE.based on the research abstract, give me in simple terms but in a concise manner:

I) Does the work related to telecommunications or network services ?

II) Does the work focused on both Quality of Experience (QoE) and user privacy aspects ?

III) What is the use case or application ?

IV) What the technologies employed ?

V) Give me results and conclusions of this research

Vi) In a text manner, Please provide a summary of the abstract in simple terms, highlighting the contributions and technologies employed.",2022,2,yes,yes,yes,Yes,FoV Privacy-aware VR Streaming,\citeauthor{10.1109/WCNC51071.2022.9771832} \cite{10.1109/WCNC51071.2022.9771832},Camouflaged Tile Requests,Objective Metrics,Tile-based VR video streaming,Virtual Reality,B5G and 6G,Method,Simulation,Empirical,Not Provided,QoE measurement and privacy preservation,Not Provided,Not Provided,10.1109/WCNC51071.2022.9771832,proactive VR video streaming, Camouflaged tile requests ; Spatial Degree of Privacy (SDoP) ,"The research proposes a proactive tile-based virtual reality (VR) video streaming method that predicts future requested tiles based on FoV and eye movement, while also addressing user privacy. The method adds camouflaged tile requests around the actual FoV to hide it, and analyzes the impact of privacy protection on quality of experience (QoE).","The study finds that increasing the Spatial Degree of Privacy (SDoP) requires more resources but may reduce the accuracy of tile predictions. However, users who require more privacy (larger SDoP) can still enjoy improved QoE if the system optimizes the allocation of resources for prediction, computation, and transmission. Simulations using real data confirm that privacy can be maintained without significantly compromising user experience."
Corcuera Bárcena J.L.; Ducange P.; Marcelloni F.; Nardini G.; Noferi A.; Renda A.; Ruffini F.; Schiavo A.; Stea G.; Virdis A.,"The quest for trustworthiness in Artificial Intelligence (AI) is increasingly urgent, especially in the field of next-generation wireless networks. Future Beyond 5G (B5G)/6G networks will connect a huge amount of devices and will offer innovative services empowered with AI and Machine Learning tools. Nevertheless, private user data, which are essential for training such services, are not an asset that can be unrestrictedly shared over the network, mainly because of privacy concerns. To overcome this issue, Federated Learning (FL) has recently been proposed as a paradigm to enable collaborative model training among multiple parties, without any disclosure of private raw data. However, the initiative to natively integrate FL services into mobile networks is still far from being accomplished. In this paper we propose a novel FL-as-a-Service framework that provides the B5G/6G network with flexible mechanisms to allow end users to exploit FL services, and we describe its applicability to a Quality of Experience (QoE) forecasting service based on a vehicular networking use case. Specifically, we show how FL of eXplainable AI (XAI) models can be leveraged for the QoE forecasting task, and induces a benefit in terms of both accuracy, compared to local learning, and trustworthiness, thanks to the adoption of inherently interpretable models. Such considerations are supported by an extensive experimental analysis on a publicly available simulated dataset. Finally, we assessed how the learning process is affected by the system deployment and the performance of the underlying communication and computation infrastructure, through system-level simulations, which show the benefits of deploying the proposed framework in edge-based environments. © 2023 The Author(s)","Title: Enabling federated learning of explainable AI models within beyond-5G/6G networks

Research Abstract: The quest for trustworthiness in Artificial Intelligence (AI) is increasingly urgent, especially in the field of next-generation wireless networks. Future Beyond 5G (B5G)/6G networks will connect a huge amount of devices and will offer innovative services empowered with AI and Machine Learning tools. Nevertheless, private user data, which are essential for training such services, are not an asset that can be unrestrictedly shared over the network, mainly because of privacy concerns. To overcome this issue, Federated Learning (FL) has recently been proposed as a paradigm to enable collaborative model training among multiple parties, without any disclosure of private raw data. However, the initiative to natively integrate FL services into mobile networks is still far from being accomplished. In this paper we propose a novel FL-as-a-Service framework that provides the B5G/6G network with flexible mechanisms to allow end users to exploit FL services, and we describe its applicability to a Quality of Experience (QoE) forecasting service based on a vehicular networking use case. Specifically, we show how FL of eXplainable AI (XAI) models can be leveraged for the QoE forecasting task, and induces a benefit in terms of both accuracy, compared to local learning, and trustworthiness, thanks to the adoption of inherently interpretable models. Such considerations are supported by an extensive experimental analysis on a publicly available simulated dataset. Finally, we assessed how the learning process is affected by the system deployment and the performance of the underlying communication and computation infrastructure, through system-level simulations, which show the benefits of deploying the proposed framework in edge-based environments. © 2023 The Author(s)based on the research abstract, give me in simple terms but in a concise manner:

I) Does the work related to telecommunications or network services ?

II) Does the work focused on both Quality of Experience (QoE) and user privacy aspects ?

III) What is the use case or application ?

IV) What the technologies employed ?

V) Give me results and conclusions of this research

Vi) In a text manner, Please provide a summary of the abstract in simple terms, highlighting the contributions and technologies employed.",2023,11,yes,yes,yes,Yes,Enabling federated learning of explainable AI models within beyond-5G/6G networks,\citeauthor{10.1016/j.comcom.2023.07.039} \cite{10.1016/j.comcom.2023.07.039},Federated Learning,Objective Metrics,Takagi-Sugeno-Kang Fuzzy Rule-Based Systems,QoE Forecasting,B5G and 6G,Framework,Simulation,Empirical,scikit-learn,Quality of Experience (QoE) measurement and privacy preservation,One key limitation discussed is that the federated approach does not achieve the same level of performance as a centralized approach. This trade-off is due to the strict privacy requirements and the distributed nature of federated learning,Future work includes applying the proposed framework to other case studies and services beyond the automotive domain. This includes extending the approach to additional QoE forecasting use cases and exploring other FL applications​,10.1016/j.comcom.2023.07.039,,eXplainable AI,"The abstract presents a new framework called FL-as-a-Service, designed to integrate Federated Learning (FL) into B5G/6G networks. This framework allows users to access FL services while keeping their private data secure. It specifically applies to forecasting Quality of Experience (QoE) in vehicular networks using explainable AI (XAI) models. The proposed approach improves accuracy compared to traditional local learning methods and enhances trust in AI by using interpretable models. ","The research concludes that the proposed FLaaS framework for B5G/6G networks successfully allows users to train explainable AI models for tasks like QoE forecasting while preserving privacy. The framework shows significant improvements in accuracy and trustworthiness compared to local learning approaches. The system-level simulations demonstrate that deploying this framework in edge-based environments offers enhanced communication and computation performance, making it a viable solution for future networks.

"
Corcuera Barcena J.L.; Ducange P.; Marcelloni F.; Renda A.; Ruffini F.; Schiavo A.,"Real-time applications based on streaming data collected from remote devices, such as smartphones and vehicles, are commonly developed using Artificial Intelligence (AI). Such applications must fulfill different requirements: on one hand, they must ensure good performance and must deliver results in a timely manner; on the other hand, with the objective of being compliant with the AI-specific regulations, they shall preserve data privacy and guarantee a certain level of explainability. In this paper, we describe an AI-based application to predict the Quality of Experience (QoE) for videos acquired by moving vehicles from Beyond 5G and 6G (B5G/6G) network data. To this aim, we exploit a Takagi-Sugeno-Kang (TSK) fuzzy model learned by employing a federated approach, thus meeting, simultaneously, the requests for explainability and data privacy preservation. A thorough experimental analysis, involving also the comparison with an opaque baseline (i.e., a neural network model), is presented and shows that the TSK model can be regarded as a viable solution which guarantees on the one side an optimal trade-off between interpretability and accuracy, and on the other side preserves the data privacy. © 2023 IEEE.","Title: Federated TSK Models for Predicting Quality of Experience in B5G/6G Networks

Research Abstract: Real-time applications based on streaming data collected from remote devices, such as smartphones and vehicles, are commonly developed using Artificial Intelligence (AI). Such applications must fulfill different requirements: on one hand, they must ensure good performance and must deliver results in a timely manner; on the other hand, with the objective of being compliant with the AI-specific regulations, they shall preserve data privacy and guarantee a certain level of explainability. In this paper, we describe an AI-based application to predict the Quality of Experience (QoE) for videos acquired by moving vehicles from Beyond 5G and 6G (B5G/6G) network data. To this aim, we exploit a Takagi-Sugeno-Kang (TSK) fuzzy model learned by employing a federated approach, thus meeting, simultaneously, the requests for explainability and data privacy preservation. A thorough experimental analysis, involving also the comparison with an opaque baseline (i.e., a neural network model), is presented and shows that the TSK model can be regarded as a viable solution which guarantees on the one side an optimal trade-off between interpretability and accuracy, and on the other side preserves the data privacy. © 2023 IEEE.based on the research abstract, give me in simple terms but in a concise manner:

I) Does the work related to telecommunications or network services ?

II) Does the work focused on both Quality of Experience (QoE) and user privacy aspects ?

III) What is the use case or application ?

IV) What the technologies employed ?

V) Give me results and conclusions of this research

Vi) In a text manner, Please provide a summary of the abstract in simple terms, highlighting the contributions and technologies employed.",2023,2,yes,yes,yes,Yes,Federated TSK Models for Predicting Quality of Experience in B5G/6G Networks,\citeauthor{10.1109/FUZZ52849.2023.10309758} \cite{10.1109/FUZZ52849.2023.10309758},Federated Learning,Objective Metrics,Takagi-Sugeno-Kang Fuzzy Rule-Based Systems,QoE Forecasting,B5G and 6G,Method,Simulation,Empirical,Simu5G,Quality of Experience (QoE) measurement and privacy preservation,"The TSK-FRBS model, while offering better interpretability, was slightly less accurate than the neural network (MLP) baseline. The federated learning approach does not perform as well as centralized learning, although centralized learning compromises privac",Future work includes improving the accuracy of TSK-FRBS models by exploring second-order TSK-FRBSs and adapting the federated learning approach to these more complex models.,10.1109/FUZZ52849.2023.10309758, predicting the QoE for videos captured by moving vehicles in B5G/6G networks,Takagi-Sugeno-Kang (TSK) fuzzy model,"This research develops an AI system to predict video quality (QoE) for applications in B5G/6G networks, such as videos streamed from vehicles. To ensure user privacy and make the AI system understandable, the researchers use a Takagi-Sugeno-Kang (TSK) fuzzy model trained with federated learning, meaning data stays on local devices. This method is compared to traditional neural networks and found to balance accuracy and interpretability well. ","The results show that the TSK model offers a good balance between interpretability and accuracy while preserving data privacy, making it a viable solution compared to more opaque models like neural networks. This demonstrates that the TSK model can provide reliable QoE predictions while complying with privacy and explainability requirements.

"
Liu Y.; Ma Z.; Yan Z.; Wang Z.; Liu X.; Ma J.,"Proactive caching is a novel smart communication resource management method that can offer intelligent and economic networking services in the next generation cellular networks. In proactive caching, a common operation is using k-means to estimate content popularity. However, during the process, the base stations have to collect user's location and content preference information to train a k-means model, which causes user privacy leakage. And current privacy-preserving k-means schemes usually suffer dramatic user quality of experience reduction, and cannot deal with the user dropout condition. Therefore, we propose a privacy-preserving federated k-means scheme (named PFK-means) for proactive caching in the next generation cellular networks. PFK-means is based on two privacy-preserving techniques, federated learning and secret sharing. In PFK-means, a suite of secret sharing protocols are designed to lightweight and efficient federated learning of k-means. These protocols allow privacy-preserving k-means training for proactive caching when there are dropout users. We seriously analyze the security of PFK-means and conduct comprehensive experiments to prove its security, effectiveness and efficiency. Through comparison, we can conclude that PFK-means outperforms other existing related schemes. © 2020 Elsevier Inc.","Title: Privacy-preserving federated k-means for proactive caching in next generation cellular networks

Research Abstract: Proactive caching is a novel smart communication resource management method that can offer intelligent and economic networking services in the next generation cellular networks. In proactive caching, a common operation is using k-means to estimate content popularity. However, during the process, the base stations have to collect user's location and content preference information to train a k-means model, which causes user privacy leakage. And current privacy-preserving k-means schemes usually suffer dramatic user quality of experience reduction, and cannot deal with the user dropout condition. Therefore, we propose a privacy-preserving federated k-means scheme (named PFK-means) for proactive caching in the next generation cellular networks. PFK-means is based on two privacy-preserving techniques, federated learning and secret sharing. In PFK-means, a suite of secret sharing protocols are designed to lightweight and efficient federated learning of k-means. These protocols allow privacy-preserving k-means training for proactive caching when there are dropout users. We seriously analyze the security of PFK-means and conduct comprehensive experiments to prove its security, effectiveness and efficiency. Through comparison, we can conclude that PFK-means outperforms other existing related schemes. © 2020 Elsevier Inc.based on the research abstract, give me in simple terms but in a concise manner:

I) Does the work related to telecommunications or network services ?

II) Does the work focused on both Quality of Experience (QoE) and user privacy aspects ?

III) What is the use case or application ?

IV) What the technologies employed ?

V) Give me results and conclusions of this research

Vi) In a text manner, Please provide a summary of the abstract in simple terms, highlighting the contributions and technologies employed.",2020,40,yes,yes,yes,Yes,Privacy-preserving federated k-means for proactive caching in next generation cellular networks,\citeauthor{10.1016/j.ins.2020.02.042} \cite{10.1016/j.ins.2020.02.042},Federated Learning,Objective Metrics,Secret Sharing,Proactive Caching,5G,Method,Experiment,Empirical,Not Provided,Quality of Experience (QoE) measurement and privacy preservation,"One of the identified limitations is the potential impact of dynamic user group changes during model training, particularly when users drop out. While the system accounts for this, the complexity of managing changing user participation can add to the overhead​",The paper suggests improvements in terms of further reducing the overhead caused by user dropouts and exploring enhanced mechanisms to integrate the system into more advanced cellular networks​,10.1016/j.ins.2020.02.042,proactive caching in cellular networks,Secret Sharing,"This research introduces a new method called PFK-means to improve how cellular networks can predict and cache popular content in advance (proactive caching). The method uses two technologies: federated learning and secret sharing, which work together to train models without exposing sensitive user data. PFK-means is designed to ensure user privacy, even when users stop participating (dropout), without significantly lowering the quality of service.","The research concludes that PFK-means, their proposed method, outperforms other existing schemes in terms of security, effectiveness, and efficiency. The experiments confirm that it secures user privacy and improves performance without sacrificing user QoE, even in scenarios where users drop out.

"
Jiang S.; Wu J.,"Cloud computing provides a feasible solution to data outsourcing, and hence forming a cloud-based data market, where data users buy data from owners through querying cloud servers. However, it also incurs new privacy and security problems, as data is under a centralized third-party instead of the data owner's direct control. Existing data markets are also questioned on their inflexible and opaque pricing, where the value of data ownership and the cost of query searches are mixed. In this paper, we consider blockchain-based storage as a better choice to ensure safe data outsourcing since data is spread out across many data points. We propose an Ethereum-based data market that provides distributed storage and correct remote data search. We design a new pricing model, where each query will be charged by two parties: owner (paid for providing his data) and miner (rewarded by performing query searches). We study a new cooperative search scheme through a proxy to reduce cost on the user side. Given that each user query is charged based on its number of keywords, then a cooperative search can reduce user-side cost by combining multiple queries into a group so that overlapped keywords will only be charged for one time. To ensure user QoE, a combined query should not be significantly larger than any of its original queries in terms of the number of keywords. The total price is based on the total number of keywords in all groups. Since it is a cooperative model with shared resources, we also study various incentive properties on the user side, yielding a cost sharing mechanism to split joint cost in a truth-revealing and fair manner. We further extend our market with a set of substitute data owners and propose a double auction mechanism to match users and owners based on their requirements. Experiments have been conducted on real query trace to demonstrate the effectiveness of our proposed scheme.  © 2004-2012 IEEE.","Title: A Blockchain-Powered Data Market for Multi-User Cooperative Search

Research Abstract: Cloud computing provides a feasible solution to data outsourcing, and hence forming a cloud-based data market, where data users buy data from owners through querying cloud servers. However, it also incurs new privacy and security problems, as data is under a centralized third-party instead of the data owner's direct control. Existing data markets are also questioned on their inflexible and opaque pricing, where the value of data ownership and the cost of query searches are mixed. In this paper, we consider blockchain-based storage as a better choice to ensure safe data outsourcing since data is spread out across many data points. We propose an Ethereum-based data market that provides distributed storage and correct remote data search. We design a new pricing model, where each query will be charged by two parties: owner (paid for providing his data) and miner (rewarded by performing query searches). We study a new cooperative search scheme through a proxy to reduce cost on the user side. Given that each user query is charged based on its number of keywords, then a cooperative search can reduce user-side cost by combining multiple queries into a group so that overlapped keywords will only be charged for one time. To ensure user QoE, a combined query should not be significantly larger than any of its original queries in terms of the number of keywords. The total price is based on the total number of keywords in all groups. Since it is a cooperative model with shared resources, we also study various incentive properties on the user side, yielding a cost sharing mechanism to split joint cost in a truth-revealing and fair manner. We further extend our market with a set of substitute data owners and propose a double auction mechanism to match users and owners based on their requirements. Experiments have been conducted on real query trace to demonstrate the effectiveness of our proposed scheme.  © 2004-2012 IEEE.based on the research abstract, give me in simple terms but in a concise manner:

I) Does the work related to telecommunications or network services ?

II) Does the work focused on both Quality of Experience (QoE) and user privacy aspects ?

III) What is the use case or application ?

IV) What the technologies employed ?

V) Give me results and conclusions of this research

Vi) In a text manner, Please provide a summary of the abstract in simple terms, highlighting the contributions and technologies employed.",2022,3,yes,yes,yes,Yes,A Blockchain-Powered Data Market for Multi-User Cooperative Search,\citeauthor{10.1109/TNSM.2021.3125604} \cite{10.1109/TNSM.2021.3125604},Blockchain,Objective Metrics,Searchable Symmetric Encryption,Data Market,Different Contexts,Framework,Experiment,Empirical,Not Provided,Quality of Experience (QoE) measurement and privacy preservation,"One limitation discussed is the complexity of the proposed grouping and cost-sharing mechanisms, especially in large-scale systems. The proposed solution might also struggle with the computational complexity of NP-hard problems related to query grouping​","Future works suggested include improving the efficiency of the cooperative search system, exploring further optimizations in the cost-sharing mechanism, and expanding the application to different types of data markets​",10.1109/TNSM.2021.3125604,blockchain-powered data market where users can cooperatively search and buy data from owners via cloud servers,"Proxy-based cooperative search scheme ;
Double auction mechanism ;
Cloud computing ","This research proposes a blockchain-powered data market that allows users to buy and sell data while ensuring user privacy and safety. The market uses blockchain-based storage to distribute data across multiple points, making it harder for unauthorized parties to access it. To reduce costs, the system enables cooperative search where multiple queries are combined into groups, charging users only for unique keywords. The system also ensures fair pricing and cost sharing among users, promoting a truthful and transparent marketplace.","The research shows that the proposed Ethereum-based data market is effective in ensuring secure data outsourcing while providing a flexible, fair, and cost-effective pricing model. By combining user queries, the cooperative search scheme reduces costs for users, and the proposed double auction mechanism ensures fairness in matching users with data owners. Experimental results demonstrate the system's efficiency in reducing search costs and maintaining user satisfaction."
Akpinar K.; Hua K.A.,"Software-defined networking introduces opportunities to optimize the Internet Service Provider's network and to improve client experience for the Video-on-Demand applications. Recent studies on SDN frameworks show that traffic engineering methods allow a fair share of bandwidth between adaptive video streaming clients. Additionally, ISPs can make better estimations of bandwidth and contribute to the bitrate selection for the clients. This study focuses on another aspect of network assistance in video delivery: CDN server selection. In a typical framework where the ISP contributes to the CDN selection, the video provider and the network provider interfaces are merged together. Clients connect to the ISP to get the best CDN server candidate for a given video. This exposes client requests to the ISP. However, video providers have been investing large resources for encrypted video provisioning to preserve their client's information from third parties, especially network providers. The typical approach is not practical due to privacy concerns. In this study, we present a framework called PPNet to allow CDN-ISP collaboration while preventing the ISP's access to the video request and availability information. Our framework introduces an isolation between the video provider's and the ISP's web interfaces. Clients connect to both of the interfaces and deliver information on a need-to-know basis. As a second contribution, PPNet introduces a practical optimization method for CDN selection. Real-time data collection capabilities of a typical OpenFlow network is used as the input for optimization. Congestion-awareness has been the priority. To adapt for changing network conditions, capability of utilizing multiple servers simultaneously for a single video is introduced. Instead of directing each video client into a CDN node, the proposed system performs request routing per video segment. Finally, we present a system prototype of PPNet and show that our multiple-host adaptive streaming method introduces a significant improvement in quality of experience when compared to the state of the art. © 2020 ACM.","Title: PPNet: Privacy Protected CDN-ISP Collaboration for QoS-aware Multi-CDN Adaptive Video Streaming

Research Abstract: Software-defined networking introduces opportunities to optimize the Internet Service Provider's network and to improve client experience for the Video-on-Demand applications. Recent studies on SDN frameworks show that traffic engineering methods allow a fair share of bandwidth between adaptive video streaming clients. Additionally, ISPs can make better estimations of bandwidth and contribute to the bitrate selection for the clients. This study focuses on another aspect of network assistance in video delivery: CDN server selection. In a typical framework where the ISP contributes to the CDN selection, the video provider and the network provider interfaces are merged together. Clients connect to the ISP to get the best CDN server candidate for a given video. This exposes client requests to the ISP. However, video providers have been investing large resources for encrypted video provisioning to preserve their client's information from third parties, especially network providers. The typical approach is not practical due to privacy concerns. In this study, we present a framework called PPNet to allow CDN-ISP collaboration while preventing the ISP's access to the video request and availability information. Our framework introduces an isolation between the video provider's and the ISP's web interfaces. Clients connect to both of the interfaces and deliver information on a need-to-know basis. As a second contribution, PPNet introduces a practical optimization method for CDN selection. Real-time data collection capabilities of a typical OpenFlow network is used as the input for optimization. Congestion-awareness has been the priority. To adapt for changing network conditions, capability of utilizing multiple servers simultaneously for a single video is introduced. Instead of directing each video client into a CDN node, the proposed system performs request routing per video segment. Finally, we present a system prototype of PPNet and show that our multiple-host adaptive streaming method introduces a significant improvement in quality of experience when compared to the state of the art. © 2020 ACM.based on the research abstract, give me in simple terms but in a concise manner:

I) Does the work related to telecommunications or network services ?

II) Does the work focused on both Quality of Experience (QoE) and user privacy aspects ?

III) What is the use case or application ?

IV) What the technologies employed ?

V) Give me results and conclusions of this research

Vi) In a text manner, Please provide a summary of the abstract in simple terms, highlighting the contributions and technologies employed.",2020,7,yes,yes,yes,Yes,PPNet: Privacy Protected CDN-ISP Collaboration for QoS-aware Multi-CDN Adaptive Video Streaming,\citeauthor{10.1145/3379983} \cite{10.1145/3379983},Different Interfaces and Connections Between CDN and ISP ,Objective Metrics,"SDN, OpenFlow and MPEG-DASH",Video Streaming,ISP Networks,Framework,Experiment,Empirical,OpenFlow and DASH.js,Quality of Experience (QoE) measurement and privacy preservation,Not Provided,"includes further optimization of CDN selection in combination with routing and traffic engineering techniques, as well as exploring privacy risks and refining the information-sharing processes between ISPs and CDNs.",10.1145/3379983,adaptive video streaming where the system optimizes the selection of CDN servers to ensure high-quality video delivery,OpenFlow for real-time data collection,"This research introduces PPNet, a system that helps ISPs and CDNs work together to improve video streaming quality without compromising user privacy. Normally, ISPs can see video requests when helping to choose the best CDN server, but PPNet keeps this information private. It uses real-time data and a smart routing system to send video segments from multiple CDN servers based on network conditions. ","The research presents PPNet, a framework that enables privacy-protected collaboration between CDNs and ISPs, optimizing video streaming while safeguarding user privacy. It also introduces multi-CDN server streaming for better QoE. The system prototype shows significant improvements in video streaming quality compared to other existing methods.
"
Li X.; Sun C.; Wen J.; Wang X.; Guizani M.; Leung V.C.M.,"Federated learning (FL) as a new decentralized learning/computing technique has potential advantages (e.g., accelerating computation task processing and protecting user privacy) for edge intelligence. However, due to limited computing/caching capacities of network edges and dynamic arrivals of computation tasks, edge intelligence with FL cannot appropriately offload and effectively process computation tasks, which will degrade multi-user quality of experience (QoE). To address these challenges, it is critical to enhance the cooperation of network edges and quantify the multi-user QoE. In this article, we investigate the issue of cooperative edge intelligence by considering federated multi-agent reinforcement learning to enhance the multi-user QoE. Particularly, we present a cooperative edge intelligence architecture with vertical-horizontal cooperation supporting computation offloading. We model a comprehensive system cost to quantify the multi-user QoE and formulate the optimization problem as minimizing the expected long-term system cost. We further propose a decentralized intelligent offloading framework based on soft actor-critic and FL with an attention mechanism. Evaluation results demonstrate that the proposed scheme outperforms existing offloading schemes in terms of convergence and multi-user QoE. Finally, we discuss several open issues and opportunities of edge intelligence with FL.  © 1986-2012 IEEE.","Title: Multi-User QoE Enhancement: Federated Multi-Agent Reinforcement Learning for Cooperative Edge Intelligence

Research Abstract: Federated learning (FL) as a new decentralized learning/computing technique has potential advantages (e.g., accelerating computation task processing and protecting user privacy) for edge intelligence. However, due to limited computing/caching capacities of network edges and dynamic arrivals of computation tasks, edge intelligence with FL cannot appropriately offload and effectively process computation tasks, which will degrade multi-user quality of experience (QoE). To address these challenges, it is critical to enhance the cooperation of network edges and quantify the multi-user QoE. In this article, we investigate the issue of cooperative edge intelligence by considering federated multi-agent reinforcement learning to enhance the multi-user QoE. Particularly, we present a cooperative edge intelligence architecture with vertical-horizontal cooperation supporting computation offloading. We model a comprehensive system cost to quantify the multi-user QoE and formulate the optimization problem as minimizing the expected long-term system cost. We further propose a decentralized intelligent offloading framework based on soft actor-critic and FL with an attention mechanism. Evaluation results demonstrate that the proposed scheme outperforms existing offloading schemes in terms of convergence and multi-user QoE. Finally, we discuss several open issues and opportunities of edge intelligence with FL.  © 1986-2012 IEEE.based on the research abstract, give me in simple terms but in a concise manner:

I) Does the work related to telecommunications or network services ?

II) Does the work focused on both Quality of Experience (QoE) and user privacy aspects ?

III) What is the use case or application ?

IV) What the technologies employed ?

V) Give me results and conclusions of this research

Vi) In a text manner, Please provide a summary of the abstract in simple terms, highlighting the contributions and technologies employed.",2022,4,yes,yes,yes,Yes,Multi-User QoE Enhancement: Federated Multi-Agent Reinforcement Learning for Cooperative Edge Intelligence,\citeauthor{10.1109/MNET.001.2200194} \cite{10.1109/MNET.001.2200194},Federated Learning,Objective Metrics,Reinforcement Learning,Mobile Edge Computing,B5G and 6G,Framework,Simulation,Empirical,Not Provided,Quality of Experience (QoE) measurement and privacy preservation,"The study acknowledges limitations, such as the complexity of managing the non-identically distributed (Non-IID) data among edge devices, which can affect the federated learning model's convergence","Future work involves addressing issues like improving edge intelligence architectures, enhancing privacy and security through techniques like blockchain and differential privacy, and exploring FL-empowered applications in more general domains such as IoT and smart cities",10.1109/MNET.001.2200194,computation offloading, Reinforcement Learning ,"This study looks at how to improve the quality of experience (QoE) for multiple users by making edge computing smarter. Edge computing refers to processing data closer to where it’s generated, like on your phone or a nearby server. The challenge is that these edge nodes have limited resources, so figuring out how to share tasks between them efficiently is key. The researchers propose using federated learning (FL), which protects user privacy by keeping data on local devices, combined with multi-agent reinforcement learning to improve cooperation between edge nodes.","The research shows that the proposed system using federated multi-agent reinforcement learning significantly improves the performance of computation offloading at the network edge, leading to better multi-user QoE. The proposed solution outperforms existing methods in terms of faster convergence and improved user experience."
Xu Y.; Li X.; Yang Y.; Lin Z.; Wang L.; Li W.,"Modern video streaming applications apply adaptive bitrate (ABR) algorithms to enhance user quality of experience (QoE). The existing model-based ABR algorithms failed to generalize to diverse network conditions and personalized QoE objectives due to their fixed control rules. The learning-based ABR algorithms required significant tuning to learn a well-performed model which can cause a QoE degradation during the model testing phase. In this paper, we propose FedABR, a novel ABR algorithm based on personalized federated learning to address the above challenges. To enable clients' local model dealing with network environment changes, we introduce a federated learning approach to train a global model using all the clients' local model without gathering their data together to protect clients' privacy. We also introduced an adaptation phase to train a personalized model for each client to maximize their individual QoE. By jointly training multiple learning tasks with a global model, it has the ability to provide transferable knowledge to supervise bitrate selection, and can be efficiently adapted to a new task in unseen environment with much fewer data samples and training epochs. We implement the proposed FedABR based on an emulation platform which connects to the Linux network protocol stack through a virtual network interface to send real data packets for evaluation. Extensive experiments based on real-world traces show that FedABR achieves the best comprehensive QoE compared with the state-of-the-art ABR algorithms in a variety of network environments.  © 2023 IFIP.","Title: FedABR: A Personalized Federated Reinforcement Learning Approach for Adaptive Video Streaming

Research Abstract: Modern video streaming applications apply adaptive bitrate (ABR) algorithms to enhance user quality of experience (QoE). The existing model-based ABR algorithms failed to generalize to diverse network conditions and personalized QoE objectives due to their fixed control rules. The learning-based ABR algorithms required significant tuning to learn a well-performed model which can cause a QoE degradation during the model testing phase. In this paper, we propose FedABR, a novel ABR algorithm based on personalized federated learning to address the above challenges. To enable clients' local model dealing with network environment changes, we introduce a federated learning approach to train a global model using all the clients' local model without gathering their data together to protect clients' privacy. We also introduced an adaptation phase to train a personalized model for each client to maximize their individual QoE. By jointly training multiple learning tasks with a global model, it has the ability to provide transferable knowledge to supervise bitrate selection, and can be efficiently adapted to a new task in unseen environment with much fewer data samples and training epochs. We implement the proposed FedABR based on an emulation platform which connects to the Linux network protocol stack through a virtual network interface to send real data packets for evaluation. Extensive experiments based on real-world traces show that FedABR achieves the best comprehensive QoE compared with the state-of-the-art ABR algorithms in a variety of network environments.  © 2023 IFIP.based on the research abstract, give me in simple terms but in a concise manner:

I) Does the work related to telecommunications or network services ?

II) Does the work focused on both Quality of Experience (QoE) and user privacy aspects ?

III) What is the use case or application ?

IV) What the technologies employed ?

V) Give me results and conclusions of this research

Vi) In a text manner, Please provide a summary of the abstract in simple terms, highlighting the contributions and technologies employed.",2023,3,yes,yes,yes,Yes,FedABR: A Personalized Federated Reinforcement Learning Approach for Adaptive Video Streaming,\citeauthor{10.23919/IFIPNetworking57963.2023.10186404} \cite{10.23919/IFIPNetworking57963.2023.10186404},Federated Learning,Objective Metrics,Reinforcement Learning,Video Streaming,Different Contexts,Method,Experiment,Empirical,TensorFlow,Quality of Experience (QoE) measurement and privacy preservation,"the performance of personalized models can degrade when applied to unseen network environments, as demonstrated in the experiments with Pensieve. There is also the challenge of data privacy in federated learning and ensuring the models adapt to dynamic network conditions without performance drops​",optimization of the adaptation phase for different network environments to improve the personalized models’ generalization. The authors also highlight the need for improving communication efficiency in federated learning settings to reduce the overhead​,10.23919/IFIPNetworking57963.2023.10186404,Video Streaming,,"This research introduces a new method (FedABR) for improving video streaming quality by using personalized federated learning. Existing video streaming algorithms struggle to adapt to different network conditions and user needs. FedABR solves this by training a global model from multiple users' local models without collecting their data, which preserves privacy. Each user also gets a personalized model that adjusts video quality based on their unique conditions. The system can quickly adapt to new environments with minimal data and training.","The results show that FedABR achieves superior QoE compared to state-of-the-art ABR algorithms across various network conditions. The algorithm can efficiently adapt to new environments with fewer data samples and less training time, while also protecting user privacy by not requiring data sharing between clients."
Zhang Z.; Cao T.; Wang X.; Xiao H.; Guan J.,"Mobile edge caching has great advantages in alleviating video traffic pressure and reducing transmission delay, which is considered as a hopeful solution to improve video resource utilization and achieve faster service response. However, due to insufficient and non-real time acquisition of the status between edge servers and mobile users, it is still difficult for existing solutions to improve the video quality of experience (VQoE) for mobile users. Besides, due to the mobility of users and malicious third-party attacks, users may suffer the risk of personal privacy (e.g. location, trajectory, preference, etc.) leakage when requesting video services that are scattered in different areas. In order to efficiently deal with these problems, this paper proposes a privacy-preserving Q-learning based video caching optimization framework in mobile edge networks (VC-PPQ), including a privacy scheme for user data and a dynamic video caching algorithm. Specifically, in the first task, the local differential privacy model is leveraged to protect the locations and preferences of users. Then, a data aggregation model is provided to make trade-off between aggregation accuracy and privacy protection. In the second task, we further obtain the video popularity in user's area by a computation service model, then formulate a caching objective function combined with transcoding technologies. Afterwards, Q-learning is adopted to obtain the goal of caching optimization, which can achieve low delay and high hit ratio. Finally, extensive simulations prove that our VC-PPQ framework delivers prominent performance advantages in terms of user privacy and caching services, which greatly improves the VQoE of users.  © 2013 IEEE.","Title: VC-PPQ: Privacy-Preserving Q-Learning Based Video Caching Optimization in Mobile Edge Networks

Research Abstract: Mobile edge caching has great advantages in alleviating video traffic pressure and reducing transmission delay, which is considered as a hopeful solution to improve video resource utilization and achieve faster service response. However, due to insufficient and non-real time acquisition of the status between edge servers and mobile users, it is still difficult for existing solutions to improve the video quality of experience (VQoE) for mobile users. Besides, due to the mobility of users and malicious third-party attacks, users may suffer the risk of personal privacy (e.g. location, trajectory, preference, etc.) leakage when requesting video services that are scattered in different areas. In order to efficiently deal with these problems, this paper proposes a privacy-preserving Q-learning based video caching optimization framework in mobile edge networks (VC-PPQ), including a privacy scheme for user data and a dynamic video caching algorithm. Specifically, in the first task, the local differential privacy model is leveraged to protect the locations and preferences of users. Then, a data aggregation model is provided to make trade-off between aggregation accuracy and privacy protection. In the second task, we further obtain the video popularity in user's area by a computation service model, then formulate a caching objective function combined with transcoding technologies. Afterwards, Q-learning is adopted to obtain the goal of caching optimization, which can achieve low delay and high hit ratio. Finally, extensive simulations prove that our VC-PPQ framework delivers prominent performance advantages in terms of user privacy and caching services, which greatly improves the VQoE of users.  © 2013 IEEE.based on the research abstract, give me in simple terms but in a concise manner:

I) Does the work related to telecommunications or network services ?

II) Does the work focused on both Quality of Experience (QoE) and user privacy aspects ?

III) What is the use case or application ?

IV) What the technologies employed ?

V) Give me results and conclusions of this research

Vi) In a text manner, Please provide a summary of the abstract in simple terms, highlighting the contributions and technologies employed.",2022,7,yes,yes,yes,Yes,VC-PPQ: Privacy-Preserving Q-Learning Based Video Caching Optimization in Mobile Edge Networks,\citeauthor{10.1109/TNSE.2022.3195926} \cite{10.1109/TNSE.2022.3195926},Differential Privacy,Objective Metrics,Q-learning ,Video Caching,5G,Framework,Simulation,Empirical,Not Provided,Quality of Experience (QoE) measurement and privacy preservation,limitations related to the scalability of the proposed mechanism under more complex and dynamic network environments​,Future work is suggested to improve the scalability of the model to more dynamic network settings and to explore other machine learning methods beyond Q-learning for further optimization,10.1109/TNSE.2022.3195926, video caching optimization in mobile edge networks,Local differential privacy,"This research presents a system to optimize how videos are stored and accessed in mobile networks, which helps reduce delays and improve user experience. The challenge of keeping personal information, like user location and preferences, private is also addressed. The solution involves using differential privacy to protect user data and a learning algorithm (Q-learning) to decide the best way to store video content",The study concludes that the proposed VC-PPQ framework significantly improves video caching efficiency by reducing delays and increasing cache hit ratios. It also effectively protects user privacy using differential privacy techniques. Extensive simulations demonstrate that this approach enhances the Video Quality of Experience (VQoE) for users while maintaining high privacy standards.
Jia X.; Luo M.; Choo K.-K.R.; Li L.; He D.,"Ensuring the security and privacy of users and data in a mobile-edge computing (MEC) deployment, without affecting performance, latency and user quality of experience remain challenging. For example, in this article, we revisit an identity-based anonymous authentication scheme designed for MEC deployment. Then, we reveal that the scheme is vulnerable to impersonation, replay, and Denial-of-Service (DoS) attacks, contrary to their claims. It also does not achieve user untraceability, and the registration center must be online during authentication. We also observe that it is unclear from their scheme description, what encryption algorithm should be used in the authentication process. Therefore, we redesign the scheme in order to mitigate the weaknesses pointed out. Our redesigned protocol uses password and biometrics for authentication, which broadens the scope for real-world implementation. We also provide both formal security proof and heuristic security analysis to demonstrate that the proposed scheme achieves the desired security goals. A performance comparison shows that our scheme outperforms four other competing schemes in terms of computation and communication costs.  © 2014 IEEE.","Title: A Redesigned Identity-Based Anonymous Authentication Scheme for Mobile-Edge Computing

Research Abstract: Ensuring the security and privacy of users and data in a mobile-edge computing (MEC) deployment, without affecting performance, latency and user quality of experience remain challenging. For example, in this article, we revisit an identity-based anonymous authentication scheme designed for MEC deployment. Then, we reveal that the scheme is vulnerable to impersonation, replay, and Denial-of-Service (DoS) attacks, contrary to their claims. It also does not achieve user untraceability, and the registration center must be online during authentication. We also observe that it is unclear from their scheme description, what encryption algorithm should be used in the authentication process. Therefore, we redesign the scheme in order to mitigate the weaknesses pointed out. Our redesigned protocol uses password and biometrics for authentication, which broadens the scope for real-world implementation. We also provide both formal security proof and heuristic security analysis to demonstrate that the proposed scheme achieves the desired security goals. A performance comparison shows that our scheme outperforms four other competing schemes in terms of computation and communication costs.  © 2014 IEEE.based on the research abstract, give me in simple terms but in a concise manner:

I) Does the work related to telecommunications or network services ?

II) Does the work focused on both Quality of Experience (QoE) and user privacy aspects ?

III) What is the use case or application ?

IV) What the technologies employed ?

V) Give me results and conclusions of this research

Vi) In a text manner, Please provide a summary of the abstract in simple terms, highlighting the contributions and technologies employed.",2022,9,yes,yes,yes,Yes,A Redesigned Identity-Based Anonymous Authentication Scheme for Mobile-Edge Computing,\citeauthor{10.1109/JIOT.2021.3119517} \cite{10.1109/JIOT.2021.3119517},Pseudonym-based Authentication,Not Provided,Password and biometric-based authentication,Mobile-Edge Computing ,Different Contexts,Method,Formal Analysis and Experiments,Theoretical,Not Provided,Privacy Preservation,The scheme achieves pseudo-anonymity but does not provide full anonymity to the mobile servers. This is identified as a limitation in the study,"The authors propose exploring solutions to achieve full anonymity in future designs, potentially at the expense of performance.",10.1109/JIOT.2021.3119517,secure and private authentication for users in mobile-edge computing (MEC) environments,"Identity-based anonymous authentication ;
Formal security proof and heuristic security analysis ; 
","This research focuses on improving security and privacy for users in mobile-edge computing (MEC) environments. The authors identify flaws in an existing authentication scheme, showing that it is vulnerable to impersonation, replay, and denial-of-service attacks, and fails to ensure user privacy. They redesign the authentication system to fix these issues by incorporating passwords and biometric data","The research shows that the original authentication scheme had vulnerabilities such as impersonation, replay, and DoS attacks. The redesigned scheme mitigates these vulnerabilities by using a combination of password and biometric authentication. The new scheme is proven to be secure and performs better than four competing schemes in terms of computation and communication costs."
Bai Y.; Chen L.; Li J.; Wu J.; Zhou P.; Xu Z.; Xu J.,"With increasingly strict data privacy regulations, federated learning (FL) has become one of the most often heard machine learning techniques due to its privacy-preserving trait. To efficiently implement the FL intelligence, researchers recently resort to a newly emerged computing paradigm, mobile-edge computing (MEC), and bring about a burst of works. However, most existing works neglect practical issues in MEC systems, e.g., device heterogeneity, unstable channel conditions, and unknown user mobility. Any of them, if not handled properly, can cause fatal failures to FL. This article proposed a novel FL framework, called multicore FL (MC-FL), to help FL intelligence land successfully on realistic MEC systems. A distinct feature of MC-FL is maintaining and training multiple global models (GMs) that exhibit different tradeoffs between learning performances and computational complexity. While this modification seems simple, it can effectively handle the device heterogeneity and device status variations, and improve the compatibility and robustness of FL. Furthermore, MC-FL employs a partial client participation scheme that allows participating clients to vary across time. This enables MC-FL to function under uncertain mobile environments. We rigorously prove the convergence of the designed MC-FL framework. In particular, we propose an online client scheduling scheme for MC-FL to judiciously schedule clients for training multiple GMs in a manner that minimizes the completion time of MC-FL. We also provide a service provisioning scenario with MC-FL to show how service subscribers could benefit from multiple GMs and improve their Quality of Experience (QoE). We evaluate our method on real-world data sets, and the results show that MC-FL outperforms state-of-the-art benchmarks.  © 2014 IEEE.","Title: Multicore Federated Learning for Mobile-Edge Computing Platforms

Research Abstract: With increasingly strict data privacy regulations, federated learning (FL) has become one of the most often heard machine learning techniques due to its privacy-preserving trait. To efficiently implement the FL intelligence, researchers recently resort to a newly emerged computing paradigm, mobile-edge computing (MEC), and bring about a burst of works. However, most existing works neglect practical issues in MEC systems, e.g., device heterogeneity, unstable channel conditions, and unknown user mobility. Any of them, if not handled properly, can cause fatal failures to FL. This article proposed a novel FL framework, called multicore FL (MC-FL), to help FL intelligence land successfully on realistic MEC systems. A distinct feature of MC-FL is maintaining and training multiple global models (GMs) that exhibit different tradeoffs between learning performances and computational complexity. While this modification seems simple, it can effectively handle the device heterogeneity and device status variations, and improve the compatibility and robustness of FL. Furthermore, MC-FL employs a partial client participation scheme that allows participating clients to vary across time. This enables MC-FL to function under uncertain mobile environments. We rigorously prove the convergence of the designed MC-FL framework. In particular, we propose an online client scheduling scheme for MC-FL to judiciously schedule clients for training multiple GMs in a manner that minimizes the completion time of MC-FL. We also provide a service provisioning scenario with MC-FL to show how service subscribers could benefit from multiple GMs and improve their Quality of Experience (QoE). We evaluate our method on real-world data sets, and the results show that MC-FL outperforms state-of-the-art benchmarks.  © 2014 IEEE.based on the research abstract, give me in simple terms but in a concise manner:

I) Does the work related to telecommunications or network services ?

II) Does the work focused on both Quality of Experience (QoE) and user privacy aspects ?

III) What is the use case or application ?

IV) What the technologies employed ?

V) Give me results and conclusions of this research

Vi) In a text manner, Please provide a summary of the abstract in simple terms, highlighting the contributions and technologies employed.",2023,1,yes,yes,yes,Yes,Multicore Federated Learning for Mobile-Edge Computing Platforms,\citeauthor{10.1109/JIOT.2022.3224239} \cite{10.1109/JIOT.2022.3224239},Federated Learning,Objective Metrics,Partial Client Participation Scheme; Online Client Scheduling Scheme,Mobile-Edge Computing ,5G,Framework,Experiment,Empirical,Not Provided,Quality of Experience (QoE) measurement and privacy preservation,"A key limitation mentioned is related to client availability and wireless transmission variability, which can impact the performance and speed of model training​",The paper suggests optimizing client participation rates (Qm) for more efficient federated learning under different network conditions as a direction for future work​,10.1109/JIOT.2022.3224239,mobile-edge computing (MEC) systems,Multicore FL (MC-FL),"This research introduces a new framework, Multicore Federated Learning (MC-FL), for Mobile-Edge Computing (MEC) systems. Federated Learning (FL) is a machine learning method that trains models locally on devices without sharing sensitive data, helping maintain privacy. However, real-world MEC systems face challenges like device differences, network instability, and user mobility. MC-FL tackles these issues by using multiple global models that balance learning performance and computational demands. It also includes a flexible client participation method, allowing different devices to join the training at different times. ","The research demonstrates that the MC-FL framework effectively improves the performance of Federated Learning in Mobile-Edge Computing (MEC) environments, particularly under conditions of device heterogeneity and network instability. By training multiple global models and using a flexible client participation scheme, MC-FL enhances both robustness and compatibility. Evaluations on real-world data sets show that MC-FL outperforms existing benchmarks in terms of training efficiency and service provisioning, leading to better Quality of Experience (QoE) for users.

"
Valente R.; Senna C.; Rito P.; Sargento S.,"In the scope of smart cities, the sensors scattered throughout the city generate information that supplies intelligence mechanisms to learn the city’s mobility patterns. These patterns are used in machine learning (ML) applications, such as traffic estimation, that allow for improvement in the quality of experience in the city. Owing to the Internet-of-Things (IoT) evolution, the city’s monitoring points are always growing, and the transmission of the mass of data generated from edge devices to the cloud, required by centralized ML solutions, brings great challenges in terms of communication, thus negatively impacting the response time and, consequently, compromising the reaction in improving the flow of vehicles. In addition, when moving between the edge and the cloud, data are exposed, compromising privacy. Federated learning (FL) has emerged as an option for these challenges: (1) It has lower latency and communication overhead when performing most of the processing on the edge devices; (2) it improves privacy, as data do not travel over the network; and (3) it facilitates the handling of heterogeneous data sources and expands scalability. To assess how FL can effectively contribute to smart city scenarios, we present an FL framework, for which we built a testbed that integrated the components of the city infrastructure, where edge devices such as NVIDIA Jetson were connected to a cloud server. We deployed our lightweight container-based FL framework in this testbed, and we evaluated the performance of devices, the effectiveness of ML and aggregation algorithms, the impact on the communication between the edge and the server, and the consumption of resources. To carry out the evaluation, we opted for a scenario in which we estimated vehicle mobility inside and outside the city, using real data collected by the Aveiro Tech City Living Lab communication and sensing infrastructure in the city of Aveiro, Portugal. © 2023 by the authors.","Title: Embedded Federated Learning for VANET Environments

Research Abstract: In the scope of smart cities, the sensors scattered throughout the city generate information that supplies intelligence mechanisms to learn the city’s mobility patterns. These patterns are used in machine learning (ML) applications, such as traffic estimation, that allow for improvement in the quality of experience in the city. Owing to the Internet-of-Things (IoT) evolution, the city’s monitoring points are always growing, and the transmission of the mass of data generated from edge devices to the cloud, required by centralized ML solutions, brings great challenges in terms of communication, thus negatively impacting the response time and, consequently, compromising the reaction in improving the flow of vehicles. In addition, when moving between the edge and the cloud, data are exposed, compromising privacy. Federated learning (FL) has emerged as an option for these challenges: (1) It has lower latency and communication overhead when performing most of the processing on the edge devices; (2) it improves privacy, as data do not travel over the network; and (3) it facilitates the handling of heterogeneous data sources and expands scalability. To assess how FL can effectively contribute to smart city scenarios, we present an FL framework, for which we built a testbed that integrated the components of the city infrastructure, where edge devices such as NVIDIA Jetson were connected to a cloud server. We deployed our lightweight container-based FL framework in this testbed, and we evaluated the performance of devices, the effectiveness of ML and aggregation algorithms, the impact on the communication between the edge and the server, and the consumption of resources. To carry out the evaluation, we opted for a scenario in which we estimated vehicle mobility inside and outside the city, using real data collected by the Aveiro Tech City Living Lab communication and sensing infrastructure in the city of Aveiro, Portugal. © 2023 by the authors.based on the research abstract, give me in simple terms but in a concise manner:

I) Does the work related to telecommunications or network services ?

II) Does the work focused on both Quality of Experience (QoE) and user privacy aspects ?

III) What is the use case or application ?

IV) What the technologies employed ?

V) Give me results and conclusions of this research

Vi) In a text manner, Please provide a summary of the abstract in simple terms, highlighting the contributions and technologies employed.",2023,2,yes,yes,yes,Yes,Embedded Federated Learning for VANET Environments,\citeauthor{10.3390/app13042329} \cite{10.3390/app13042329},Federated Learning,Objective Metrics,NVIDIA Jetson edge devices,Traffic Estimation,5G,Framework,Experiment,Empirical,Flower,Quality of Experience (QoE) measurement and privacy preservation,Scalability is a limitation. The paper discusses the challenges of scaling the system with a large number of clients (edge devices) as performance degrades on devices like Jetson Nano when too many clients are added.,"The authors plan to scale the framework to more edge devices and mobile nodes (e.g., onboard units in vehicles), improving scalability and performance in larger, more dynamic environments.",10.3390/app13042329,traffic estimation and vehicle mobility prediction for smart city scenarios.,,"This research introduces a federated learning (FL) framework designed for smart cities to help manage traffic and improve vehicle flow. In a smart city, sensors collect a lot of data that helps machine learning systems predict traffic patterns. However, sending all that data to the cloud for centralized processing causes delays and risks privacy breaches. Federated learning solves these issues by processing data on local edge devices (like NVIDIA Jetson), reducing communication delays and keeping data secure.","The results show that federated learning can significantly reduce communication overhead and latency compared to centralized machine learning. It also enhances data privacy by keeping data on edge devices. The framework demonstrated effectiveness in handling heterogeneous data sources and scaling across a smart city environment, showing that FL is a viable solution for real-time traffic estimation and management."
Wei X.; Hellge C.; Yang C.; Son J.,"Viewpoint and position (VP)-adaptive mixed reality (XR) streaming requires uploading the trajectory of user behavior, thereby causing privacy leakage. Preserving privacy leads to the performance loss of VP prediction of users, subsequently degrading the quality of experience (QoE). This work is the first to improve the QoE-privacy tradeoff for XR streaming. We find the key difference of sample importance for privacy attack and VP prediction, based on which we propose a framework to improve the tradeoff. By designing the noisy entropy function and remapping function, it can achieve a better tradeoff than simply adding the noise to the actual trajectory. The performance of the framework is evaluated with the state-of-the-art VP predictors and practical XR streaming platforms. The results show that the loss of QoE can be mitigated by 55%∼100% to achieve the same privacy level as simply adding noise. When the privacy level achieves the maximum, the QoE is degraded by 0∼3%, compared to VP-adaptive streaming without any privacy-preserving.  © 1994-2012 IEEE.","Title: Improving QoE-Privacy Tradeoff in XR Streaming

Research Abstract: Viewpoint and position (VP)-adaptive mixed reality (XR) streaming requires uploading the trajectory of user behavior, thereby causing privacy leakage. Preserving privacy leads to the performance loss of VP prediction of users, subsequently degrading the quality of experience (QoE). This work is the first to improve the QoE-privacy tradeoff for XR streaming. We find the key difference of sample importance for privacy attack and VP prediction, based on which we propose a framework to improve the tradeoff. By designing the noisy entropy function and remapping function, it can achieve a better tradeoff than simply adding the noise to the actual trajectory. The performance of the framework is evaluated with the state-of-the-art VP predictors and practical XR streaming platforms. The results show that the loss of QoE can be mitigated by 55%∼100% to achieve the same privacy level as simply adding noise. When the privacy level achieves the maximum, the QoE is degraded by 0∼3%, compared to VP-adaptive streaming without any privacy-preserving.  © 1994-2012 IEEE.based on the research abstract, give me in simple terms but in a concise manner:

I) Does the work related to telecommunications or network services ?

II) Does the work focused on both Quality of Experience (QoE) and user privacy aspects ?

III) What is the use case or application ?

IV) What the technologies employed ?

V) Give me results and conclusions of this research

Vi) In a text manner, Please provide a summary of the abstract in simple terms, highlighting the contributions and technologies employed.",2024,0,yes,yes,yes,Yes,Improving QoE-Privacy Tradeoff in XR Streaming,\citeauthor{10.1109/LSP.2024.3401616} \cite{10.1109/LSP.2024.3401616},Noisy Entropy Function,Objective Metrics,Noisy Entropy Function,XR Streaming,B5G and 6G,Framework,Simulation,Empirical,VR-EXP,QoE measurement and privacy preservation in XR streaming,Not Provided,Not Provided,10.1109/LSP.2024.3401616,viewpoint and position (VP)-adaptive mixed reality (XR) streaming,Practical XR Streaming Platforms,"This research focuses on improving the balance between user privacy and Quality of Experience (QoE) in Extended Reality (XR) streaming. When streaming in XR, users’ movements are tracked, which can lead to privacy concerns. To protect privacy, noise is usually added, but this lowers the quality of the experience. The researchers propose a new method that better balances privacy and QoE by using a noisy entropy function and a remapping function. Testing shows that this method greatly reduces the drop in QoE, up to 100% improvement, while still maintaining strong privacy protection. ","The proposed framework significantly reduces the loss of QoE while maintaining the same privacy level as simpler methods like noise addition.
QoE degradation is mitigated by 55% to 100%, meaning users experience much less loss in streaming quality.
Even when privacy is maximized, QoE loss is very minimal (0% to 3%) compared to a non-privacy-preserving system, showing the effectiveness of the framework."
Ickin S.; Roeland D.; Hall G.,"In telecommunications, information delivery is per-formed over inherently distributed elements such as application servers, packet core network equipment, radio base stations, and mobile user equipment (UE). Predicting key performance indicators (KPIs) for services is important for mobile operators in preventing customer churn. In addition, it is important to achieve accurate estimations, to troubleshoot and localize faults in the end-to-end transmission by collecting data from potentially causal distributed measurement points located on the distributed delivery elements. Due to the regulations for protecting data privacy, there is an increasing interest in decentralized machine learning models including Split Learning (SL). A distributed learning technique such as parallel SL enables accurate model training jointly, but it necessitates all distributed elements to synchronize and correlate on a unique identifier such as sample id, to align the vertically distributed data samples, which causes dependency and high signaling overhead between the collaborating nodes. In this paper, we demonstrate a Translator Model that imputes the remote model parameters based on the local ones in a SL setting. This way, sample alignment overhead during model inference is addressed, and significant reduction in communication cost is achieved. © 2023 IEEE.","Title: Independent Split Model Inference at Operator Network for Network Performance Estimation

Research Abstract: In telecommunications, information delivery is per-formed over inherently distributed elements such as application servers, packet core network equipment, radio base stations, and mobile user equipment (UE). Predicting key performance indicators (KPIs) for services is important for mobile operators in preventing customer churn. In addition, it is important to achieve accurate estimations, to troubleshoot and localize faults in the end-to-end transmission by collecting data from potentially causal distributed measurement points located on the distributed delivery elements. Due to the regulations for protecting data privacy, there is an increasing interest in decentralized machine learning models including Split Learning (SL). A distributed learning technique such as parallel SL enables accurate model training jointly, but it necessitates all distributed elements to synchronize and correlate on a unique identifier such as sample id, to align the vertically distributed data samples, which causes dependency and high signaling overhead between the collaborating nodes. In this paper, we demonstrate a Translator Model that imputes the remote model parameters based on the local ones in a SL setting. This way, sample alignment overhead during model inference is addressed, and significant reduction in communication cost is achieved. © 2023 IEEE.based on the research abstract, give me in simple terms but in a concise manner:

I) Does the work related to telecommunications or network services ?

II) Does the work focused on both Quality of Experience (QoE) and user privacy aspects ?

III) What is the use case or application ?

IV) What the technologies employed ?

V) Give me results and conclusions of this research

Vi) In a text manner, Please provide a summary of the abstract in simple terms, highlighting the contributions and technologies employed.",2023,3,yes,yes,yes,Yes,Independent Split Model Inference at Operator Network for Network Performance Estimation,\citeauthor{10.1109/NOMS56928.2023.10154389} \cite{10.1109/NOMS56928.2023.10154389},Split Learning,Objective Metrics,Neural Networks ,Mobile Networks,B5G and 6G,Method,Simulation,Empirical,TensorFlow,Quality of Experience (QoE) measurement and privacy preservation,"Some of the limitations include the reliance on synthetic datasets due to a lack of publicly available, real-world network and application data. The accuracy of the models depends on the quality of the features used. Additionally, real-world applications could have imbalanced datasets, which were not fully addressed in the study.","The authors suggest expanding the work by testing the framework in real-world scenarios, possibly with actual network operators. There is also potential for enhancing collaboration between different network nodes to improve QoE estimation accuracy.",10.1109/NOMS56928.2023.10154389,"predicting and estimating network performance (KPIs) in telecommunications networks to prevent customer churn, troubleshoot issues, and localize faults in data transmission across distributed network elements.",,"This research focuses on improving network performance prediction for telecommunications by using decentralized machine learning techniques, specifically Split Learning (SL). Predicting network performance (KPIs) is important for mobile operators to keep customers satisfied and troubleshoot issues. The challenge is to collect data from various distributed network elements (servers, base stations, etc.) without compromising user privacy or causing high communication costs. To address this, the researchers introduced a Translator Model that reduces the need for constant communication between network elements during model inference. ",The research demonstrates that the Translator Model can successfully reduce communication costs by addressing the need for sample alignment during Split Learning model inference. This solution allows for more efficient model training and inference across distributed network elements while maintaining accurate performance predictions and reducing overhead.
Alabbasi A.; Ganjalizadeh M.; Vandikas K.; Petrova M.,"The performance prediction of user equipment (UE) metrics has many applications in the 5G era and beyond. For instance, throughput prediction can improve carrier selection, adaptive video streaming's quality of experience (QoE), and traffic latency. Many studies suggest distributed learning algorithms (e.g., federated learning (FL)) for this purpose. However, in a multi-tier design, features are measured in different tiers, e.g., UE tier, and gNodeB (gNB) tier. On one hand, neglecting the measurements in one tier results in inaccurate predictions. On the other hand, transmitting the data from one tier to another improves the prediction performance at the expense of increasing network overhead and privacy risks. In this paper, we propose cascaded FL to enhance UE throughput prediction with minimum network footprint and privacy ramifications (if any). The idea is to introduce feedback to conventional FL, in multi-tier architectures. Although we use cascaded FL for UE prediction tasks, the idea is rather general and can be used for many prediction problems in multi-tier architectures, such as cellular networks. We evaluate the performance of cascaded FL by detailed and 3GPP compliant simulations of London's city center. Our simulations show that the proposed cascaded FL can achieve up to 54% improvement over conventional FL in the normalized gain, at the cost of 1.8 MB (without quantization) and no cost with quantization. © 2021 IEEE.","Title: On Cascaded Federated Learning for Multi-tier Predictive Models

Research Abstract: The performance prediction of user equipment (UE) metrics has many applications in the 5G era and beyond. For instance, throughput prediction can improve carrier selection, adaptive video streaming's quality of experience (QoE), and traffic latency. Many studies suggest distributed learning algorithms (e.g., federated learning (FL)) for this purpose. However, in a multi-tier design, features are measured in different tiers, e.g., UE tier, and gNodeB (gNB) tier. On one hand, neglecting the measurements in one tier results in inaccurate predictions. On the other hand, transmitting the data from one tier to another improves the prediction performance at the expense of increasing network overhead and privacy risks. In this paper, we propose cascaded FL to enhance UE throughput prediction with minimum network footprint and privacy ramifications (if any). The idea is to introduce feedback to conventional FL, in multi-tier architectures. Although we use cascaded FL for UE prediction tasks, the idea is rather general and can be used for many prediction problems in multi-tier architectures, such as cellular networks. We evaluate the performance of cascaded FL by detailed and 3GPP compliant simulations of London's city center. Our simulations show that the proposed cascaded FL can achieve up to 54% improvement over conventional FL in the normalized gain, at the cost of 1.8 MB (without quantization) and no cost with quantization. © 2021 IEEE.based on the research abstract, give me in simple terms but in a concise manner:

I) Does the work related to telecommunications or network services ?

II) Does the work focused on both Quality of Experience (QoE) and user privacy aspects ?

III) What is the use case or application ?

IV) What the technologies employed ?

V) Give me results and conclusions of this research

Vi) In a text manner, Please provide a summary of the abstract in simple terms, highlighting the contributions and technologies employed.",2021,1,yes,yes,yes,Yes,On Cascaded Federated Learning for Multi-tier Predictive Models,\citeauthor{10.1109/ICCWorkshops50388.2021.9473881} \cite{10.1109/ICCWorkshops50388.2021.9473881},Federated Learning,Objective Metrics,Neural Networks,Mobile networks ,B5G and 6G,Framework,Simulation,Empirical,Not Provided,Quality of Experience (QoE) measurement and privacy preservation,"Assumption that UEs do not send feedback to gNB-DUs due to limitations in the dataset used.
The simulations may not fully capture the complexity of large-scale networks, and the study does not cover real-world experimentation.","Investigating feedback designs that can adapt to various prediction problems.
Expanding the framework for other network contexts and possibly integrating it with 6G.",10.1109/ICCWorkshops50388.2021.9473881,throughput prediction for User Equipment (UE) in 5G and beyond,Multi-tier Architecture,"This research introduces cascaded Federated Learning (FL) to improve the prediction of metrics like throughput for User Equipment (UE) in multi-tier 5G architectures. Traditional FL models struggle to account for features spread across different tiers, such as the UE and network node (gNodeB) tiers, leading to less accurate predictions. Cascaded FL addresses this by adding feedback loops between tiers, improving prediction accuracy while minimizing network data transmission and privacy risks.","The cascaded FL model improves throughput prediction by up to 54% compared to conventional FL models, with a minimal network overhead of 1.8 MB (or no cost with quantization). The method shows promising improvements in predictive performance without significantly impacting network efficiency or compromising user privacy."
Gutterman C.; Guo K.; Arora S.; Gilliland T.; Wang X.; Wu L.; Katz-Bassett E.; Zussman G.,"As video traffic dominates the Internet, it is important for operators to detect video quality of experience (QoE) to ensure adequate support for video traffic. With wide deployment of end-to-end encryption, traditional deep packet inspection-based traffic monitoring approaches are becoming ineffective. This poses a challenge for network operators to monitor user QoE and improve upon their experience. To resolve this issue, we develop and present a system for REal-time QUality of experience metric detection for Encrypted Traffic-Requet-which is suitable for network middlebox deployment. Requet uses a detection algorithm that we develop to identify video and audio chunks from the IP headers of encrypted traffic. Features extracted from the chunk statistics are used as input to a machine learning algorithm to predict QoE metrics, specifically buffer warning (low buffer, high buffer), video state (buffer increase, buffer decay, steady, stall), and video resolution. We collect a large YouTube dataset consisting of diverse video assets delivered over various WiFi and LTE network conditions to evaluate the performance. We compare Requet with a baseline system based on previous work and show that Requet outperforms the baseline system in accuracy of predicting buffer low warning, video state, and video resolution by 1.12×, 1.53×, and 3.14×, respectively.  © 2020 ACM.","Title: Requet: Real-Time QoE Metric Detection for Encrypted YouTube Traffic

Research Abstract: As video traffic dominates the Internet, it is important for operators to detect video quality of experience (QoE) to ensure adequate support for video traffic. With wide deployment of end-to-end encryption, traditional deep packet inspection-based traffic monitoring approaches are becoming ineffective. This poses a challenge for network operators to monitor user QoE and improve upon their experience. To resolve this issue, we develop and present a system for REal-time QUality of experience metric detection for Encrypted Traffic-Requet-which is suitable for network middlebox deployment. Requet uses a detection algorithm that we develop to identify video and audio chunks from the IP headers of encrypted traffic. Features extracted from the chunk statistics are used as input to a machine learning algorithm to predict QoE metrics, specifically buffer warning (low buffer, high buffer), video state (buffer increase, buffer decay, steady, stall), and video resolution. We collect a large YouTube dataset consisting of diverse video assets delivered over various WiFi and LTE network conditions to evaluate the performance. We compare Requet with a baseline system based on previous work and show that Requet outperforms the baseline system in accuracy of predicting buffer low warning, video state, and video resolution by 1.12×, 1.53×, and 3.14×, respectively.  © 2020 ACM.based on the research abstract, give me in simple terms but in a concise manner:

I) Does the work related to telecommunications or network services ?

II) Does the work focused on both Quality of Experience (QoE) and user privacy aspects ?

III) What is the use case or application ?

IV) What the technologies employed ?

V) Give me results and conclusions of this research

Vi) In a text manner, Please provide a summary of the abstract in simple terms, highlighting the contributions and technologies employed.",2020,19,yes,yes,yes,Yes,Requet: Real-Time QoE Metric Detection for Encrypted YouTube Traffic,\citeauthor{10.1145/3394498} \cite{10.1145/3394498},Encrypted Traffic ,Objective Metrics,Machine Learning,Mobile Networks,WiFi and LTE cellular networks,Framework,Experiment,Empirical,"Wireshark, tcpdump and scikit-learn library",Quality of Experience (QoE) measurement and privacy preservation,"One limitation mentioned is the overlapping nature of video and audio chunk sizes at lower resolutions, which makes it difficult to differentiate between certain QoE states, particularly during periods of buffer decay or stall.","Future work includes improving the predictive accuracy of QoE metrics in diverse environments, considering more dynamic network conditions, and extending the system to other types of encrypted traffic beyond YouTube.",10.1145/3394498,"real-time detection of video quality metrics (e.g., buffer status, video resolution) for encrypted video traffic, specifically YouTube.",Encrypted Traffic,"This research introduces Requet, a system designed to detect video quality for YouTube streams in real-time, even when the traffic is encrypted. Traditional methods relying on deep packet inspection no longer work well due to encryption, so Requet uses information from the IP headers to detect video and audio chunks. It then applies machine learning to predict important video quality indicators like buffering issues, video resolution, and playback state","The system developed, called Requet, outperformed a baseline system in accurately predicting video quality metrics. Specifically:  better accuracy for predicting low buffer warnings, better accuracy for identifying video state, better accuracy for determining video resolution.
The conclusion is that Requet is effective for real-time QoE detection in encrypted traffic, making it useful for network operators to monitor and improve video streaming experiences."
Wassermann S.; Casas P.; Houidi Z.B.; Huet A.; Seufert M.; Wehner N.; Schuler J.; Cai S.; Shi H.; Xu J.; Ossfeld T.; Rossi D.,"Web browsing is one of the key applications of the Internet, if not the most important one. We address the problem of Web Quality-of-Experience (QoE) monitoring from the ISP perspective, relying on in-network, passive measurements. As a proxy to Web QoE, we focus on the analysis of the well-known SpeedIndex (SI) metric. Given the lack of application-level-data visibility introduced by the wide adoption of end-to-end encryption, we resort to machine-learning models to infer the SI and the QoE level of individual web-page loading sessions, using as input only packet- and flow-level data. In this paper, we study the impact of different end-user device types (e.g., smartphone, desktop, tablet) on the performance of such models. Empirical evaluations on a large, multi-device, heterogeneous corpus of Web-QoE measurements for the most popular websites demonstrate that the proposed solution can infer the SI as well as estimate QoE ranges with high accuracy, using either packet-level or flow-level measurements. In addition, we show that the device type adds a strong bias to the feasibility of these Web-QoE models, putting into question the applicability of previously conceived approaches on single-device measurements. To improve the state of the art, we conceive cross-device generalizable models operating at both packet and flow levels, offering a feasible solution for Web-QoE monitoring in operational, multi-device networks. To the best of our knowledge, this is the first study tackling the analysis of Web QoE from encrypted network traffic in multi-device scenarios.  © 2020 IFIP.","Title: Are you on Mobile or Desktop? On the Impact of End-User Device on Web QoE Inference from Encrypted Traffic

Research Abstract: Web browsing is one of the key applications of the Internet, if not the most important one. We address the problem of Web Quality-of-Experience (QoE) monitoring from the ISP perspective, relying on in-network, passive measurements. As a proxy to Web QoE, we focus on the analysis of the well-known SpeedIndex (SI) metric. Given the lack of application-level-data visibility introduced by the wide adoption of end-to-end encryption, we resort to machine-learning models to infer the SI and the QoE level of individual web-page loading sessions, using as input only packet- and flow-level data. In this paper, we study the impact of different end-user device types (e.g., smartphone, desktop, tablet) on the performance of such models. Empirical evaluations on a large, multi-device, heterogeneous corpus of Web-QoE measurements for the most popular websites demonstrate that the proposed solution can infer the SI as well as estimate QoE ranges with high accuracy, using either packet-level or flow-level measurements. In addition, we show that the device type adds a strong bias to the feasibility of these Web-QoE models, putting into question the applicability of previously conceived approaches on single-device measurements. To improve the state of the art, we conceive cross-device generalizable models operating at both packet and flow levels, offering a feasible solution for Web-QoE monitoring in operational, multi-device networks. To the best of our knowledge, this is the first study tackling the analysis of Web QoE from encrypted network traffic in multi-device scenarios.  © 2020 IFIP.based on the research abstract, give me in simple terms but in a concise manner:

I) Does the work related to telecommunications or network services ?

II) Does the work focused on both Quality of Experience (QoE) and user privacy aspects ?

III) What is the use case or application ?

IV) What the technologies employed ?

V) Give me results and conclusions of this research

Vi) In a text manner, Please provide a summary of the abstract in simple terms, highlighting the contributions and technologies employed.",2020,7,yes,yes,yes,Yes,Are you on Mobile or Desktop? On the Impact of End-User Device on Web QoE Inference from Encrypted Traffic,\citeauthor{10.23919/CNSM50824.2020.9269095} \cite{10.23919/CNSM50824.2020.9269095},Encrypted Traffic ,Objective Metrics,Machine Learning,Mobile Networks,4G and 5G,Method,Experiment,Empirical,WebPageTest and RUM-SpeedIndex,Quality of Experience (QoE) measurement and privacy preservation,"The models initially trained on a single device type (e.g., desktop) show significant performance degradation when applied to other device types (e.g., smartphones, tablets). This highlights the challenge of generalization in multi-device scenarios.","The authors suggest further exploring multi-device generalization for Web QoE models.
They also propose improving flow-level feature extraction to reduce computational overhead.
",10.23919/CNSM50824.2020.9269095,"ISPs to monitor web browsing QoE across different device types (smartphone, desktop, tablet) by inferring the Speed Index (SI) and QoE from encrypted traffic.",Packet- and flow-level measurements from encrypted network traffic,"The research addresses the challenge of monitoring Web QoE, particularly SpeedIndex (SI), in a multi-device environment under widespread end-to-end encryption. It introduces machine-learning models that analyze packet- and flow-level data to infer SI and estimate QoE for web-page loading sessions across different devices (smartphones, desktops, tablets). The study demonstrates high accuracy in predicting SI and QoE ranges using both packet and flow-level measurements. It identifies device type as a significant factor influencing model performance, prompting the development of cross-device models suitable for operational, multi-device networks. ","The study demonstrates that the type of device (e.g., smartphone, desktop, tablet) strongly influences the performance of QoE inference models. It questions the validity of single-device-focused models and proposes cross-device generalizable models. These models effectively infer the Speed Index and estimate QoE ranges with high accuracy using packet- or flow-level data, offering a solution for Web QoE monitoring in multi-device networks.
"
Wassermann S.; Seufert M.; Casas P.; Gang L.; Li K.,"Video streaming is the killer application of the Internet today. In this article, we address the problem of real-time, passive Quality-of-Experience (QoE) monitoring of HTTP Adaptive Video Streaming (HAS), from the Internet-Service-Provider (ISP) perspective - i.e., relying exclusively on in-network traffic measurements. Given the wide adoption of end-to-end encryption, we resort to machine-learning (ML) models to estimate multiple key video-QoE indicators (KQIs) from the analysis of the encrypted traffic. We present ViCrypt, an ML-driven monitoring solution able to infer the most important KQIs for HTTP Adaptive Streaming (HAS), namely stalling, initial delay, video resolution, and average video bitrate. ViCrypt performs estimations in real-time, during the playback of an ongoing video-streaming session, with a fine-grained temporal resolution of just one second. For this, it relies on lightweight, stream-like features continuously extracted from the encrypted stream of packets. Empirical evaluations on a large and heterogeneous corpus of YouTube measurements show that ViCrypt can infer the targeted KQIs with high accuracy, enabling large-scale passive video-QoE monitoring and proactive QoE-aware traffic management. Different from the state of the art, and besides real-time operation, ViCrypt is not bound to coarse-grained KQI-classes, providing better and sharper insights than other solutions. Finally, ViCrypt does not require chunk-detection approaches for feature extraction, significantly reducing the complexity of the monitoring approach, and potentially improving on generalization to different HAS protocols used by other video-streaming services such as Netflix and Amazon. © 2004-2012 IEEE.","Title: ViCrypt to the Rescue: Real-Time, Machine-Learning-Driven Video-QoE Monitoring for Encrypted Streaming Traffic

Research Abstract: Video streaming is the killer application of the Internet today. In this article, we address the problem of real-time, passive Quality-of-Experience (QoE) monitoring of HTTP Adaptive Video Streaming (HAS), from the Internet-Service-Provider (ISP) perspective - i.e., relying exclusively on in-network traffic measurements. Given the wide adoption of end-to-end encryption, we resort to machine-learning (ML) models to estimate multiple key video-QoE indicators (KQIs) from the analysis of the encrypted traffic. We present ViCrypt, an ML-driven monitoring solution able to infer the most important KQIs for HTTP Adaptive Streaming (HAS), namely stalling, initial delay, video resolution, and average video bitrate. ViCrypt performs estimations in real-time, during the playback of an ongoing video-streaming session, with a fine-grained temporal resolution of just one second. For this, it relies on lightweight, stream-like features continuously extracted from the encrypted stream of packets. Empirical evaluations on a large and heterogeneous corpus of YouTube measurements show that ViCrypt can infer the targeted KQIs with high accuracy, enabling large-scale passive video-QoE monitoring and proactive QoE-aware traffic management. Different from the state of the art, and besides real-time operation, ViCrypt is not bound to coarse-grained KQI-classes, providing better and sharper insights than other solutions. Finally, ViCrypt does not require chunk-detection approaches for feature extraction, significantly reducing the complexity of the monitoring approach, and potentially improving on generalization to different HAS protocols used by other video-streaming services such as Netflix and Amazon. © 2004-2012 IEEE.based on the research abstract, give me in simple terms but in a concise manner:

I) Does the work related to telecommunications or network services ?

II) Does the work focused on both Quality of Experience (QoE) and user privacy aspects ?

III) What is the use case or application ?

IV) What the technologies employed ?

V) Give me results and conclusions of this research

Vi) In a text manner, Please provide a summary of the abstract in simple terms, highlighting the contributions and technologies employed.",2020,42,yes,yes,yes,Yes,"ViCrypt to the Rescue: Real-Time, Machine-Learning-Driven Video-QoE Monitoring for Encrypted Streaming Traffic",\citeauthor{10.1109/TNSM.2020.3036497} \cite{10.1109/TNSM.2020.3036497},Encrypted Traffic ,Objective Metrics,Machine Learning,HTTP Adaptive Streaming,Different Contexts,Method,Experiment,Empirical,Not Provided,Quality of Experience (QoE) measurement and privacy preservation,The system is primarily tested on YouTube data and may require further validation for other video-streaming services like Netflix. The paper also notes limitations related to handling multiple concurrent video streams under network address translation (NAT)​,Future work involves generalizing ViCrypt to other streaming services and exploring its application to different video-streaming protocols beyond HAS.,10.1109/TNSM.2020.3036497,"Real-time monitoring of video streaming QoE for services like YouTube, Netflix, and Amazon",Encypted Traffic,"This research introduces ViCrypt, a machine-learning-based system that allows Internet Service Providers (ISPs) to monitor video streaming quality in real-time, even when traffic is encrypted. It estimates important video performance indicators like buffering, resolution, and video bitrate, helping ISPs ensure a good streaming experience. ViCrypt works without the need for complex chunk detection and can analyze streams from popular services like YouTube and potentially Netflix.","The system, ViCrypt, can accurately infer video QoE metrics such as stalling, delay, resolution, and bitrate in real-time with high accuracy. It is efficient, works on encrypted streams, and can be generalized to different video streaming services. Compared to existing approaches, ViCrypt offers better precision and real-time insights, with lower complexity and better generalizability across various streaming protocols."
Casas P.; Wassermann S.; Wehner N.; Hossfeld T.,"Web browsing is one of the key applications of the Internet. In this paper, we address the problem of mobile Web and App QoE monitoring from the Internet Service Provider (ISP) perspective, relying on in-network, passive measurements. Our study targets the analysis of Web and App QoE in mobile devices, including mobile browsing in smartphones and tablets, as well as mobile apps. As a proxy to Web QoE, we focus on the analysis of the well-known Speed Index (SI) metric. Given the wide adoption of end-to-end encryption, we resort to machine-learning models to infer the SI of individual web page and app loading sessions, using as input only packet level data. Empirical evaluations on a large, multi mobile-device corpus of Web and App QoE measurements for top popular websites and selected apps demonstrate that the proposed solution can properly infer the SI from in-network, encrypted-traffic measurements, relying on learning-based models. Our study also reveals relevant network and web page content characteristics impacting Web QoE in mobile devices, providing a complete overview on the mobile Web and App QoE assessment problem. © 2021 Proceedings of the 13th IFIP Wireless and Mobile Networking Conference, WMNC 2021. All rights reserved.","Title: Mobile Web and App QoE Monitoring for ISPs - from Encrypted Traffic to Speed Index through Machine Learning

Research Abstract: Web browsing is one of the key applications of the Internet. In this paper, we address the problem of mobile Web and App QoE monitoring from the Internet Service Provider (ISP) perspective, relying on in-network, passive measurements. Our study targets the analysis of Web and App QoE in mobile devices, including mobile browsing in smartphones and tablets, as well as mobile apps. As a proxy to Web QoE, we focus on the analysis of the well-known Speed Index (SI) metric. Given the wide adoption of end-to-end encryption, we resort to machine-learning models to infer the SI of individual web page and app loading sessions, using as input only packet level data. Empirical evaluations on a large, multi mobile-device corpus of Web and App QoE measurements for top popular websites and selected apps demonstrate that the proposed solution can properly infer the SI from in-network, encrypted-traffic measurements, relying on learning-based models. Our study also reveals relevant network and web page content characteristics impacting Web QoE in mobile devices, providing a complete overview on the mobile Web and App QoE assessment problem. © 2021 Proceedings of the 13th IFIP Wireless and Mobile Networking Conference, WMNC 2021. All rights reserved.based on the research abstract, give me in simple terms but in a concise manner:

I) Does the work related to telecommunications or network services ?

II) Does the work focused on both Quality of Experience (QoE) and user privacy aspects ?

III) What is the use case or application ?

IV) What the technologies employed ?

V) Give me results and conclusions of this research

Vi) In a text manner, Please provide a summary of the abstract in simple terms, highlighting the contributions and technologies employed.",2021,4,yes,yes,yes,Yes,Mobile Web and App QoE Monitoring for ISPs - from Encrypted Traffic to Speed Index through Machine Learning,\citeauthor{10.23919/WMNC53478.2021.9619058} \cite{10.23919/WMNC53478.2021.9619058},Encrypted Traffic ,Objective Metrics,Machine Learning,Mobile Networks,Different Contexts,Framework,Experiment,Empirical,WebPageTest and Appium,Quality of Experience (QoE) measurement and privacy preservation,"The main limitation mentioned is the potential performance degradation when using models across different device types (e.g., models trained on smartphones may not perform as well on tablets). Also, the study acknowledges that disentangling concurrent web and app traffic sessions remains outside its scope.",The paper mentions expanding the work to include end-to-end monitoring solutions for ISPs and enhancing traffic classification techniques to disentangle different web/app sessions in a network.,10.23919/WMNC53478.2021.9619058,monitoring mobile web and app performance from the ISP’s perspective,Speed Index (SI),"This research focuses on how Internet Service Providers (ISPs) can monitor the Quality of Experience (QoE) of mobile web browsing and app usage without violating user privacy. Since most web traffic is encrypted, the researchers used machine learning models to infer the Speed Index (SI) — a measure of how fast web pages load — by analyzing encrypted traffic data. They tested their solution on data from popular websites and apps, showing that the method can accurately predict loading speeds. This approach helps ISPs understand mobile user experience while maintaining privacy by only using in-network measurements. ",The study shows that machine learning models can accurately estimate the Speed Index (SI) from encrypted traffic. This allows ISPs to monitor web and app performance without accessing unencrypted content. The research also identifies key factors in network performance and web page content that impact mobile QoE.
Wehner N.; Seufert M.; Schuler J.; Casas P.; Hossfeld T.,"Web browsing has become the most important application of the Internet for the end user. When it comes to mobile devices, web services are mainly accessed through apps. This paper tackles the problem of Web Quality of Experience (QoE) in mobile devices, with a specific focus on apps QoE monitoring and analysis, using in-network (encrypted) traffic measurements. Measuring apps QoE is complex, not only from an instrumentation point of view, but also from the heterogeneity of user interactions which might realize substantially different user experience. To this end, we conduct a feasibility study on four specific and popular Android apps and their corresponding web services. Our test automation framework emulates and measures different user interactions commonly executed during an app session, including the app startup, clicking, scrolling, and searching. The resulting traffic is characterized on different dimensions, and machine learning models are trained to identify web services, apps, and user interactions, and to infer their QoE. The proposed models can correctly identify the specific web service and app in 86% of the cases and accurately estimate the associated QoE with small errors. Our preliminary study represents a first step towards an in-network, web QoE monitoring solution for mobile-device apps.  © 2021 IFIP.","Title: How are your Apps Doing? QoE Inference and Analysis in Mobile Devices

Research Abstract: Web browsing has become the most important application of the Internet for the end user. When it comes to mobile devices, web services are mainly accessed through apps. This paper tackles the problem of Web Quality of Experience (QoE) in mobile devices, with a specific focus on apps QoE monitoring and analysis, using in-network (encrypted) traffic measurements. Measuring apps QoE is complex, not only from an instrumentation point of view, but also from the heterogeneity of user interactions which might realize substantially different user experience. To this end, we conduct a feasibility study on four specific and popular Android apps and their corresponding web services. Our test automation framework emulates and measures different user interactions commonly executed during an app session, including the app startup, clicking, scrolling, and searching. The resulting traffic is characterized on different dimensions, and machine learning models are trained to identify web services, apps, and user interactions, and to infer their QoE. The proposed models can correctly identify the specific web service and app in 86% of the cases and accurately estimate the associated QoE with small errors. Our preliminary study represents a first step towards an in-network, web QoE monitoring solution for mobile-device apps.  © 2021 IFIP.based on the research abstract, give me in simple terms but in a concise manner:

I) Does the work related to telecommunications or network services ?

II) Does the work focused on both Quality of Experience (QoE) and user privacy aspects ?

III) What is the use case or application ?

IV) What the technologies employed ?

V) Give me results and conclusions of this research

Vi) In a text manner, Please provide a summary of the abstract in simple terms, highlighting the contributions and technologies employed.",2021,3,yes,yes,yes,Yes,How are your Apps Doing? QoE Inference and Analysis in Mobile Devices,\citeauthor{10.23919/CNSM52442.2021.9615549} \cite{10.23919/CNSM52442.2021.9615549},Encrypted Traffic ,Objective Metrics and Subjective Metrics,Machine Learning,Mobile Networks,Different Contexts,Framework,Experiment,Empirical,Appium and tcpdump,Quality of Experience (QoE) measurement and privacy preservation,"The results are limited to the specific apps tested (Amazon Shopping, YouTube, Facebook, and BBC News), and the study acknowledges that further large-scale testing across a broader range of apps is needed for more general conclusions.
Some apps had UI elements like ads and slideshows that interfered with the SI calculation, which required manual adjustments in the analysis.","The paper suggests expanding the scope of the study to include more apps, diverse devices, and broader network conditions. It also emphasizes the need for large-scale testing to verify the generalizability of the proposed models.",10.23919/CNSM52442.2021.9615549,monitoring and analyzing the QoE ,In-Network Encrypted Traffic Measurements,"This research focuses on understanding the Quality of Experience (QoE) of apps on mobile devices by analyzing encrypted traffic data. The authors conducted a feasibility study using four popular Android apps and their corresponding web services. They developed a test automation framework that simulates typical user interactions (like app startup, scrolling, and searching) to measure the resulting network traffic. Using machine learning, the study was able to predict which app or web service was being used in 86% of cases and estimate the associated QoE with high accuracy. ","The machine learning models were able to correctly identify the specific web service and app in 86% of the cases and accurately estimate the QoE with minimal errors. The study provides a foundation for in-network QoE monitoring for mobile apps, showing that it is feasible to track QoE without breaching privacy.
"
Yan B.; Yu J.; Yang M.; Jiang H.; Wan Z.; Ni L.,"For the Social Internet of Things (SIoT), the interaction among ever increasing number of smart devices results in an exponential increase of services, which leads to an extreme difficulty for users to find suitable services. To address this issue, most existing recommendation algorithms are based on the data stored on the centralized server and distributed schemes are ignored. Meanwhile, distributed recommendation algorithms face the problems of privacy leakage and efficiency, which decrease the quality of experience (QoE). Therefore, we propose a novel SIoT service recommendation scheme called SIoT- SR, which adopts LSH Forest while combining with collaborative filtering algorithm to predict the Quality of Service (QoS) data of users. The LSH forest implements binary search by sorting and also has the ability to self-correct parameters. It can achieve a good tradeoff among memory, accuracy, efficiency, and privacy. Finally, we validate the effectiveness of the scheme based on the dataset WS-DREAM. The experimental results show that SIoT-SR has high prediction accuracy and efficiency while saving computing resources and are suitable for service recommendation of SIoT with resource-constrained devices. © 2019, Springer-Verlag London Ltd., part of Springer Nature.","Title: A novel distributed Social Internet of Things service recommendation scheme based on LSH forest

Research Abstract: For the Social Internet of Things (SIoT), the interaction among ever increasing number of smart devices results in an exponential increase of services, which leads to an extreme difficulty for users to find suitable services. To address this issue, most existing recommendation algorithms are based on the data stored on the centralized server and distributed schemes are ignored. Meanwhile, distributed recommendation algorithms face the problems of privacy leakage and efficiency, which decrease the quality of experience (QoE). Therefore, we propose a novel SIoT service recommendation scheme called SIoT- SR, which adopts LSH Forest while combining with collaborative filtering algorithm to predict the Quality of Service (QoS) data of users. The LSH forest implements binary search by sorting and also has the ability to self-correct parameters. It can achieve a good tradeoff among memory, accuracy, efficiency, and privacy. Finally, we validate the effectiveness of the scheme based on the dataset WS-DREAM. The experimental results show that SIoT-SR has high prediction accuracy and efficiency while saving computing resources and are suitable for service recommendation of SIoT with resource-constrained devices. © 2019, Springer-Verlag London Ltd., part of Springer Nature.based on the research abstract, give me in simple terms but in a concise manner:

I) Does the work related to telecommunications or network services ?

II) Does the work focused on both Quality of Experience (QoE) and user privacy aspects ?

III) What is the use case or application ?

IV) What the technologies employed ?

V) Give me results and conclusions of this research

Vi) In a text manner, Please provide a summary of the abstract in simple terms, highlighting the contributions and technologies employed.",2021,15,yes,yes,yes,Yes,A novel distributed Social Internet of Things service recommendation scheme based on LSH forest,\citeauthor{10.1007/s00779-019-01283-4} \cite{10.1007/s00779-019-01283-4},Locality-Sensitive Hashing Forest,Objective Metrics,LSH Forest ,Internet of Things,Different Contexts,Framework,Experiment,Empirical,Not Provided,Quality of Experience (QoE) measurement and privacy preservation,"A potential limitation is the dependency on the density of the user-item matrix, as sparse data can impact the accuracy of recommendations. Additionally, the computational overhead and memory usage could become more significant with a larger dataset.",Future directions include enhancing the scalability of the system and further improving the accuracy of recommendations while minimizing computational costs.,10.1007/s00779-019-01283-4,service recommendation in the Social Internet of Things (SIoT),Collaborative Filtering Algorithm,"This research addresses the problem of finding suitable services for users in the Social Internet of Things (SIoT), where the sheer number of connected devices makes service recommendation difficult. Traditional recommendation systems use centralized data, which can lead to privacy issues and inefficiencies. To solve this, the researchers propose SIoT-SR, a distributed recommendation scheme that combines LSH Forest, a method that efficiently searches and corrects data, with a collaborative filtering algorithm to predict service quality for users. ","The experimental results show that the proposed SIoT-SR recommendation scheme achieves high prediction accuracy and efficiency while conserving computing resources. The solution is particularly well-suited for service recommendations in environments with resource-constrained devices, striking a balance between memory usage, accuracy, efficiency, and privacy."
Khanal S.; Thar K.; Hossain M.D.; Huh E.-N.,"Proactive content caching in self-driving cars poses several challenges, particularly because of the dynamic nature of content popularity, heterogeneity in user preferences, and privacy issues for data sharing. To tackle these issues, in this paper, we study the significance of proactive content caching strategy in self-driving cars for optimizing content retrieval cost and quality-of-experience (QoE) with the edge cloud infrastructure. To that end, we propose a low-complexity content popularity prediction mechanism in a federated setting where we extract local content popularity patterns in the self-driving cars using long short-term memory (LSTM)-based prediction mechanism. Then, we leverage the privacy-preserving distributed model training paradigm of Federated Learning (FL) to create a global model by applying the Federated Averaging (FedAvg) algorithm on local LSTM models to create a regional content popularity prediction model. With extensive simulations on real-world datasets, we show the obtained global model helps to improve the local cache hit ratio, cache space utilization, and correspondingly minimize latency overhead at the self-driving cars.  © 2021 IEEE.","Title: Proactive Content Caching at Self-Driving Car Using Federated Learning with Edge Cloud

Research Abstract: Proactive content caching in self-driving cars poses several challenges, particularly because of the dynamic nature of content popularity, heterogeneity in user preferences, and privacy issues for data sharing. To tackle these issues, in this paper, we study the significance of proactive content caching strategy in self-driving cars for optimizing content retrieval cost and quality-of-experience (QoE) with the edge cloud infrastructure. To that end, we propose a low-complexity content popularity prediction mechanism in a federated setting where we extract local content popularity patterns in the self-driving cars using long short-term memory (LSTM)-based prediction mechanism. Then, we leverage the privacy-preserving distributed model training paradigm of Federated Learning (FL) to create a global model by applying the Federated Averaging (FedAvg) algorithm on local LSTM models to create a regional content popularity prediction model. With extensive simulations on real-world datasets, we show the obtained global model helps to improve the local cache hit ratio, cache space utilization, and correspondingly minimize latency overhead at the self-driving cars.  © 2021 IEEE.based on the research abstract, give me in simple terms but in a concise manner:

I) Does the work related to telecommunications or network services ?

II) Does the work focused on both Quality of Experience (QoE) and user privacy aspects ?

III) What is the use case or application ?

IV) What the technologies employed ?

V) Give me results and conclusions of this research

Vi) In a text manner, Please provide a summary of the abstract in simple terms, highlighting the contributions and technologies employed.",2021,4,yes,yes,yes,Yes,Proactive Content Caching at Self-Driving Car Using Federated Learning with Edge Cloud,\citeauthor{10.1109/icufn49451.2021.9528638} \cite{10.1109/icufn49451.2021.9528638},Federated Learning,Objective Metrics,Long Short-Term Memory,Content Caching,B5G and 6G,Method,Simulation,Empirical,TensorFlow,Quality of Experience (QoE) measurement and privacy preservation,The approach may face challenges in scaling across varying vehicular densities and diverse content requests.,The authors suggest further research on improving the generalizability of models in a federated setting and extending the framework to broader network scenarios.,10.1109/icufn49451.2021.9528638,proactive content caching for self-driving cars,Long Short-Term Memory (LSTM),"This research focuses on improving how self-driving cars retrieve and store popular content, such as videos or data, in a timely and efficient manner. To do this, they use a technique called Federated Learning (FL), which allows cars to learn and predict what content will be needed without sharing private user data. The researchers used an LSTM model to predict what content will be popular and FL to combine predictions from many cars into a single regional model. This system helps the cars store the right content in advance, reducing wait times and improving the overall experience for users while ensuring privacy. The study found that this approach improves content storage efficiency and reduces delays, making it a promising solution for future self-driving cars.","The research demonstrates that using Federated Learning with LSTM-based content prediction improves the local cache hit ratio and cache space utilization in self-driving cars. This minimizes latency and optimizes content retrieval, leading to a better user experience (QoE). The study also concludes that the approach can enhance privacy as user data remains local to the cars. "
Liu Z.; Qiao B.; Fang K.,"The video request service of users in 5G network will explode, and adaptive bit rate technology can provide users with reliable video response. Placing video resources on edge servers close to users can overcome the problem of excessive network load similar to traditional centralized cloud platform solutions. Moreover, multiple edge servers can provide caching and transcoding support by collaboration mechanisms, which further improves users’ Quality of Experience (QoE). However, the design difficulty of video caching and content distribution strategies is increased due to the diversity of collaboration mechanisms and the competition between local and collaborative services of edge servers for computing and storage resources. In order to solve this problem, video cache and content distribution problem is modeled as random integer programming problem in the multi-edge server at most two-hop collaboration scenario. In order to improve the security of video data transmission, the video stream is encrypted using an encryption algorithm based on Logistic chaotic-Quantum-dot Cellular Automata (QCA). For improving the efficiency of solving integer programming problems, this paper uses a pyramid intelligent evolution algorithm based on optimal cooperation strategy to solve this problem. Simulation experiments show that our proposed method can obtain higher QoE value compared with several newer methods. In addition, the average access delay of proposed method is shortened by more than 27.98%, which verifies its reliability. © 2020, The Author(s).","Title: Joint optimization strategy for QoE-aware encrypted video caching and content distributing in multi-edge collaborative computing environment

Research Abstract: The video request service of users in 5G network will explode, and adaptive bit rate technology can provide users with reliable video response. Placing video resources on edge servers close to users can overcome the problem of excessive network load similar to traditional centralized cloud platform solutions. Moreover, multiple edge servers can provide caching and transcoding support by collaboration mechanisms, which further improves users’ Quality of Experience (QoE). However, the design difficulty of video caching and content distribution strategies is increased due to the diversity of collaboration mechanisms and the competition between local and collaborative services of edge servers for computing and storage resources. In order to solve this problem, video cache and content distribution problem is modeled as random integer programming problem in the multi-edge server at most two-hop collaboration scenario. In order to improve the security of video data transmission, the video stream is encrypted using an encryption algorithm based on Logistic chaotic-Quantum-dot Cellular Automata (QCA). For improving the efficiency of solving integer programming problems, this paper uses a pyramid intelligent evolution algorithm based on optimal cooperation strategy to solve this problem. Simulation experiments show that our proposed method can obtain higher QoE value compared with several newer methods. In addition, the average access delay of proposed method is shortened by more than 27.98%, which verifies its reliability. © 2020, The Author(s).based on the research abstract, give me in simple terms but in a concise manner:

I) Does the work related to telecommunications or network services ?

II) Does the work focused on both Quality of Experience (QoE) and user privacy aspects ?

III) What is the use case or application ?

IV) What the technologies employed ?

V) Give me results and conclusions of this research

Vi) In a text manner, Please provide a summary of the abstract in simple terms, highlighting the contributions and technologies employed.",2020,5,yes,yes,yes,Yes,Joint optimization strategy for QoE-aware encrypted video caching and content distributing in multi-edge collaborative computing environment,\citeauthor{10.1186/s13677-020-00204-8} \cite{10.1186/s13677-020-00204-8},Encryption algorithm based on Logistic chaotic-Quantum-dot Cellular Automata,Objective Metrics,Logistic chaotic-Quantum-dot Cellular Automata (QCA),Video Streaming,5G,Method,Simulation,Empirical,MATLAB and Opnet,Quality of Experience (QoE) measurement and privacy preservation,"the model operates in an offline mode, which might limit its real-time applicability",developing a real-time online strategy for multi-edge server collaboration in video caching and content distribution.,10.1186/s13677-020-00204-8, video streaming in 5G networks,Pyramid Intelligent Evolution Algorithm,"This research focuses on optimizing video caching and content distribution in 5G networks using multi-edge collaborative computing to improve users' Quality of Experience (QoE). By placing video resources on edge servers near users, the system reduces network load compared to traditional cloud-based approaches. Edge servers collaborate to cache and transcode video content, but this introduces complexity in resource management. To address this, the authors model the problem as a random integer programming problem and use a pyramid intelligent evolution algorithm to find an optimal solution. To ensure privacy, video streams are encrypted using a Logistic chaotic-Quantum-dot Cellular Automata (QCA) encryption algorithm. ","The proposed method improves users' Quality of Experience (QoE) compared to other newer methods. It also reduces average access delay by more than 27.98%, demonstrating its efficiency and reliability in multi-edge server environments."
Xu X.; Huang Q.; Zhu H.; Sharma S.; Zhang X.; Qi L.; Bhuiyan M.Z.A.,"Currently, Edge computing (EC) paradigm is adopted to provision the low-latency resources for the massive real-time services in Internet of vehicles (IoV). To alleviate the QoE (Quality of Experience) degradation of the vehicular users due to the uncertainties (e.g., resource conflicts and communicating interruption), software-defined network (SDN) is involved in the EC-enabled IoV to manage the cooperative operation of distributed edge nodes (ENs). However, the increasing privacy leakage for the IoV service offloading causes the disclosure of the sensitive information, including driving location, personal information of the driver, etc. Moreover, the regulation of SDN is practically insufficient, as the general control is incompetent to maintain balanced operation with the premise of efficient service utility. In view of these challenges, a secure service offloading method, named SOME, is designed to promote IoV service utility and edge utility, meanwhile ensuring privacy security, in SDN-enabled EC. Specifically, an SDN-based framework for IoV service management is developed to address the inherent uncertainty of edge network by SDN controllers. Besides, the locality-sensitive-hash (LSH) is leveraged to realize utility-and privacy-aware service selection. Eventually, comparative experiments are implemented to verify the effectiveness of SOME.  © 2000-2011 IEEE.","Title: Secure Service Offloading for Internet of Vehicles in SDN-Enabled Mobile Edge Computing

Research Abstract: Currently, Edge computing (EC) paradigm is adopted to provision the low-latency resources for the massive real-time services in Internet of vehicles (IoV). To alleviate the QoE (Quality of Experience) degradation of the vehicular users due to the uncertainties (e.g., resource conflicts and communicating interruption), software-defined network (SDN) is involved in the EC-enabled IoV to manage the cooperative operation of distributed edge nodes (ENs). However, the increasing privacy leakage for the IoV service offloading causes the disclosure of the sensitive information, including driving location, personal information of the driver, etc. Moreover, the regulation of SDN is practically insufficient, as the general control is incompetent to maintain balanced operation with the premise of efficient service utility. In view of these challenges, a secure service offloading method, named SOME, is designed to promote IoV service utility and edge utility, meanwhile ensuring privacy security, in SDN-enabled EC. Specifically, an SDN-based framework for IoV service management is developed to address the inherent uncertainty of edge network by SDN controllers. Besides, the locality-sensitive-hash (LSH) is leveraged to realize utility-and privacy-aware service selection. Eventually, comparative experiments are implemented to verify the effectiveness of SOME.  © 2000-2011 IEEE.based on the research abstract, give me in simple terms but in a concise manner:

I) Does the work related to telecommunications or network services ?

II) Does the work focused on both Quality of Experience (QoE) and user privacy aspects ?

III) What is the use case or application ?

IV) What the technologies employed ?

V) Give me results and conclusions of this research

Vi) In a text manner, Please provide a summary of the abstract in simple terms, highlighting the contributions and technologies employed.",2021,85,yes,yes,yes,Yes,Secure Service Offloading for Internet of Vehicles in SDN-Enabled Mobile Edge Computing,\citeauthor{10.1109/TITS.2020.3034197} \cite{10.1109/TITS.2020.3034197}, Locality-Sensitive Hashing,Objective Metrics,Locality-Sensitive Hashing (LSH), Internet of Vehicles,B5G and 6G,Method,Experiment,Empirical,Not Provided,Quality of Experience (QoE) measurement and privacy preservation,"The paper notes that the current approach is tested in simulation environments, suggesting that it may need further validation in real-world scenarios. Additionally, while SOME shows improvements in energy efficiency and offloading time, there may be challenges in fully balancing the load across all edge nodes​","The authors aim to apply SOME to real-life environments, integrating more detailed characteristics of IoV systems​",10.1109/TITS.2020.3034197,"Edge computing,  Internet of Vehicles",SOME Method,"This research focuses on improving how services are managed and offloaded in the Internet of Vehicles (IoV) using edge computing and Software-Defined Networks (SDN). The goal is to provide real-time services to vehicles without delays, while also protecting user privacy (e.g., driving location and personal information). The researchers developed a new method called SOME that balances service utility and privacy by using Locality-Sensitive Hashing (LSH) to select services based on both utility and privacy concerns. ","The study shows that the proposed SOME method improves both service utility and edge utility while ensuring privacy security for users in the Internet of Vehicles. It effectively addresses resource conflicts and communication interruptions, enhancing the overall Quality of Experience (QoE) for users. The results from comparative experiments demonstrate the efficiency and security of the method in managing IoV services."
Feng T.; Zhang Z.; Wong W.-C.; Sun S.; Sikdar B.,"Location-based services find a number of applications in vehicular environments such as navigation, parking, infortainment etc. However, the disclosure of vehicles' location information raises multiple privacy issues. To balance the tradeoff between privacy and utility, this paper proposes a framework to preserve users' location privacy while delivering the desired quality of experience (QoE). The proposed framework allows users to quantify the data utility while accessing location-based services under different privacy levels through the QoE metric. The privacy analysis of the proposed framework is provided under two adversary models. Finally, the effectiveness of the proposed framework is demonstrate using the real-world 'Dianping' review dataset.  © 2020 IEEE.","Title: A Framework for Tradeoff Between Location Privacy Preservation and Quality of Experience in Location Based Services

Research Abstract: Location-based services find a number of applications in vehicular environments such as navigation, parking, infortainment etc. However, the disclosure of vehicles' location information raises multiple privacy issues. To balance the tradeoff between privacy and utility, this paper proposes a framework to preserve users' location privacy while delivering the desired quality of experience (QoE). The proposed framework allows users to quantify the data utility while accessing location-based services under different privacy levels through the QoE metric. The privacy analysis of the proposed framework is provided under two adversary models. Finally, the effectiveness of the proposed framework is demonstrate using the real-world 'Dianping' review dataset.  © 2020 IEEE.based on the research abstract, give me in simple terms but in a concise manner:

I) Does the work related to telecommunications or network services ?

II) Does the work focused on both Quality of Experience (QoE) and user privacy aspects ?

III) What is the use case or application ?

IV) What the technologies employed ?

V) Give me results and conclusions of this research

Vi) In a text manner, Please provide a summary of the abstract in simple terms, highlighting the contributions and technologies employed.",2024,0,yes,yes,yes,Yes,A Framework for Tradeoff Between Location Privacy Preservation and Quality of Experience in Location Based Services,\citeauthor{10.1109/OJVT.2024.3364184} \cite{10.1109/OJVT.2024.3364184},Differential Privacy,Objective Metrics and Subjective Metrics,Laplace and Gaussian noise mechanisms,Location-based Services,Different Contexts,Framework,Simulation,Empirical,Not Provided,Quality of Experience (QoE) measurement and privacy preservation,The study's limitations include reliance on a trusted third-party system for privacy preservation and challenges in maintaining trajectory privacy over extended LBS usage.,Future work will focus on addressing trajectory privacy preservation and minimizing the need for a trusted third party by implementing local differential privacy techniques (LDP).,10.1109/OJVT.2024.3364184,Location based services in vehicular environments,Privacy Analysis Under Adversary Models,"The paper presents a framework designed to help users of location-based services, especially in vehicles, protect their privacy while still enjoying a good experience with the service. It introduces a way for users to measure how much data utility (usefulness of the service) they get at different privacy levels using the Quality of Experience (QoE) metric. The framework is tested using data from a real-world dataset, and the results show that it works well in balancing privacy concerns and service quality. ","The research concludes that the proposed framework successfully allows users to control their privacy settings while maintaining a reasonable level of service quality (QoE). The effectiveness of the framework was demonstrated using real-world data, showing a successful balance between privacy and service utility."
Foko Sindjoung M.L.; Velempini M.; Tayou Djamegni C.,"Cloud computing has widely been used for applications that require huge computational and data storage resources. Unfortunately, with the advent of new technologies such as fifth generation of cellular networks that provide new applications like IoT, cloud computing presents many limits among which the End-To-End (E2E) latency is the main challenge. These applications generally degrade scenarios that require low latency. Mobile Edge Computing (MEC) has been proposed to solve this issue. MEC brings computing and storage resources from cloud data center to edge data center, closer to end-user equipment to reduce the E2E latency for request processing. However, MEC is vulnerable to security, data privacy, and authentication that affect the end-user Quality of Experience (QoE). It is therefore fundamental that these challenges are addressed to avoid poor user experience due to the lack of security or data privacy. In this paper, we propose a hybrid cryptographic system that uses the symmetric and asymmetric cryptographic systems, to improve data security, privacy, and user authentication in a MEC-based network. We show that our proposed scheme is secured by validating it with the Automated Validation of Internet Security Protocol and Application tool. Simulation results show that our solution consumes less computing resources. © 2023 The Author(s)","Title: A data security and privacy scheme for user quality of experience in a Mobile Edge Computing-based network

Research Abstract: Cloud computing has widely been used for applications that require huge computational and data storage resources. Unfortunately, with the advent of new technologies such as fifth generation of cellular networks that provide new applications like IoT, cloud computing presents many limits among which the End-To-End (E2E) latency is the main challenge. These applications generally degrade scenarios that require low latency. Mobile Edge Computing (MEC) has been proposed to solve this issue. MEC brings computing and storage resources from cloud data center to edge data center, closer to end-user equipment to reduce the E2E latency for request processing. However, MEC is vulnerable to security, data privacy, and authentication that affect the end-user Quality of Experience (QoE). It is therefore fundamental that these challenges are addressed to avoid poor user experience due to the lack of security or data privacy. In this paper, we propose a hybrid cryptographic system that uses the symmetric and asymmetric cryptographic systems, to improve data security, privacy, and user authentication in a MEC-based network. We show that our proposed scheme is secured by validating it with the Automated Validation of Internet Security Protocol and Application tool. Simulation results show that our solution consumes less computing resources. © 2023 The Author(s)based on the research abstract, give me in simple terms but in a concise manner:

I) Does the work related to telecommunications or network services ?

II) Does the work focused on both Quality of Experience (QoE) and user privacy aspects ?

III) What is the use case or application ?

IV) What the technologies employed ?

V) Give me results and conclusions of this research

Vi) In a text manner, Please provide a summary of the abstract in simple terms, highlighting the contributions and technologies employed.",2023,7,yes,yes,yes,Yes,A data security and privacy scheme for user quality of experience in a Mobile Edge Computing-based network,\citeauthor{10.1016/j.array.2023.100304} \cite{10.1016/j.array.2023.100304},Hybrid Cryptographic System,Objective Metrics,Hybrid Cryptographic System,Mobile-Edge Computing ,B5G and 6G,Framework,Simulation,Empirical,Not Provided,Quality of Experience (QoE) measurement and privacy preservation,"The proposed scheme incurs higher communication costs compared to some existing solutions, even though it optimizes computational efficiency​","Future work may involve reducing communication overhead while maintaining security, and applying the system in real-world deployments for further testing​",10.1016/j.array.2023.100304," IoT-related applications that require low latency, which can be achieved through Mobile Edge Computing (MEC).",,"This research proposes a security framework for improving user experience in Mobile Edge Computing (MEC) networks, which are used to reduce latency for applications like IoT in 5G. The framework addresses data security and privacy challenges by implementing a hybrid cryptographic system combining symmetric and asymmetric encryption. This system ensures secure data transmission, user authentication, and privacy protection, all while reducing the strain on computing resources.","The research demonstrates that the proposed hybrid cryptographic scheme enhances data security, privacy, and user authentication in MEC networks. The simulations show that the scheme consumes fewer computing resources while maintaining strong security. The validation with the AVISPA tool confirms that the solution is secure."
Lin T.-W.,"5G networks have an efficient effect in providing quality of experience and massive Internet of things (IoT) communication. Applications of 5G-IoT networks have been expanded rapidly, including in smart medical healthcare. Emergency medical services (EMS) hold an assignable proportion in our lives, which has become a complex network of all types of professionals, including care in an ambulance. A 5G network with EMS can simplify the medical treatment process and improve the efficiency of patient treatment. The importance of healthcare-related privacy preservation is rising. If the work of privacy preservation fails, not only will medical institutes have economic and credibility losses but also property losses and even the lives of patients will be harmed. This paper proposes a privacy-preserved ID-based secure communication scheme in 5G-IoT telemedicine systems that can achieve the features below. (i) The proposed scheme is the first scheme that integrates the process of telemedicine systems and EMS; (ii) the proposed scheme allows emergency signals to be transmitted immediately with decreasing risk of secret key leakage; (iii) the information of the patient and their prehospital treatments can be transmitted securely while transferring the patient to the destination medical institute; (iv) the quality of healthcare services can be assured while preserving the privacy of the patient; (v) the proposed scheme supports not only normal situations but also emergencies. (vi) the proposed scheme can resist potential attacks. © 2022 by the author.","Title: A Privacy-Preserved ID-Based Secure Communication Scheme in 5G-IoT Telemedicine Systems

Research Abstract: 5G networks have an efficient effect in providing quality of experience and massive Internet of things (IoT) communication. Applications of 5G-IoT networks have been expanded rapidly, including in smart medical healthcare. Emergency medical services (EMS) hold an assignable proportion in our lives, which has become a complex network of all types of professionals, including care in an ambulance. A 5G network with EMS can simplify the medical treatment process and improve the efficiency of patient treatment. The importance of healthcare-related privacy preservation is rising. If the work of privacy preservation fails, not only will medical institutes have economic and credibility losses but also property losses and even the lives of patients will be harmed. This paper proposes a privacy-preserved ID-based secure communication scheme in 5G-IoT telemedicine systems that can achieve the features below. (i) The proposed scheme is the first scheme that integrates the process of telemedicine systems and EMS; (ii) the proposed scheme allows emergency signals to be transmitted immediately with decreasing risk of secret key leakage; (iii) the information of the patient and their prehospital treatments can be transmitted securely while transferring the patient to the destination medical institute; (iv) the quality of healthcare services can be assured while preserving the privacy of the patient; (v) the proposed scheme supports not only normal situations but also emergencies. (vi) the proposed scheme can resist potential attacks. © 2022 by the author.based on the research abstract, give me in simple terms but in a concise manner:

I) Does the work related to telecommunications or network services ?

II) Does the work focused on both Quality of Experience (QoE) and user privacy aspects ?

III) What is the use case or application ?

IV) What the technologies employed ?

V) Give me results and conclusions of this research

Vi) In a text manner, Please provide a summary of the abstract in simple terms, highlighting the contributions and technologies employed.",2022,5,yes,yes,yes,Yes,A Privacy-Preserved ID-Based Secure Communication Scheme in 5G-IoT Telemedicine Systems,\citeauthor{10.3390/s22186838} \cite{10.3390/s22186838},ID-based cryptography,Not Provided,hierarchical ID-based cryptography,Telemedicine Systems,5G,Method,Formal Analysis and Experiments,Empirical,Not Provided,Quality of Experience (QoE) measurement and privacy preservation,"The paper mentions that it does not cover the secure communication between 5G links and core networks, which is assumed to be guaranteed by other functions within the core network​",Potential areas for future work include extending the privacy preservation techniques and integrating further layers of security into the core network communication beyond the scope of the current model​,10.3390/s22186838,telemedicine systems within emergency medical services (EMS),,"This research proposes a privacy-preserved communication scheme for 5G-IoT telemedicine systems, focusing on securely transmitting patient data during emergency medical services (EMS) and normal situations. The scheme is the first to integrate telemedicine with EMS, ensuring patient data is transmitted quickly and safely, even in emergencies, while preventing secret key leaks. It supports secure communication and privacy preservation, maintaining high-quality healthcare services and resisting various potential cyberattacks. "," The research concludes that the proposed privacy-preserved communication scheme ensures secure and fast transmission of patient data in telemedicine systems, especially in emergency situations. It protects patient privacy, resists potential attacks, and reduces the risk of secret key leakage while maintaining the quality of healthcare services."
Esper J.P.; Achir N.; Cardoso K.V.; Almeida J.M.,"Offloading high-demanding applications to the edge provides better quality of experience (QoE) for users with limited hardware devices. However, to maintain a competitive QoE, infrastructure, and service providers must adapt to users' different mobility patterns, which can be challenging, especially for location-based services (LBS). Another issue that needs to be tackled is the increasing demand for user privacy protection. With less (accurate) information regarding user location, preferences, and usage patterns, forecasting the performance of offloading mechanisms becomes even more challenging. This work discusses the impacts of users' privacy and mobility when offloading to the edge. Different privacy and mobility scenarios are simulated and discussed to shed light on the trade-offs (e.g., privacy protection at the cost of increased latency) among privacy protection, mobility, and offloading performance. © 2023 IEEE.","Title: Impact of User Privacy and Mobility on Edge Offloading

Research Abstract: Offloading high-demanding applications to the edge provides better quality of experience (QoE) for users with limited hardware devices. However, to maintain a competitive QoE, infrastructure, and service providers must adapt to users' different mobility patterns, which can be challenging, especially for location-based services (LBS). Another issue that needs to be tackled is the increasing demand for user privacy protection. With less (accurate) information regarding user location, preferences, and usage patterns, forecasting the performance of offloading mechanisms becomes even more challenging. This work discusses the impacts of users' privacy and mobility when offloading to the edge. Different privacy and mobility scenarios are simulated and discussed to shed light on the trade-offs (e.g., privacy protection at the cost of increased latency) among privacy protection, mobility, and offloading performance. © 2023 IEEE.based on the research abstract, give me in simple terms but in a concise manner:

I) Does the work related to telecommunications or network services ?

II) Does the work focused on both Quality of Experience (QoE) and user privacy aspects ?

III) What is the use case or application ?

IV) What the technologies employed ?

V) Give me results and conclusions of this research

Vi) In a text manner, Please provide a summary of the abstract in simple terms, highlighting the contributions and technologies employed.",2023,0,yes,yes,yes,Yes,Impact of User Privacy and Mobility on Edge Offloading,\citeauthor{10.1109/PIMRC56721.2023.10293816} \cite{10.1109/PIMRC56721.2023.10293816},Differential Privacy,Objective Metrics,Geo-Indistinguishability,Mobile Networks,5G,Method,Simulation,Empirical,Not Provided,Quality of Experience (QoE) measurement and privacy preservation,The authors note that the results are tied to specific urban mobility patterns and do not account for scenarios where edge and network providers are the same entity.,The authors plan to explore adaptive privacy levels based on QoS and mobility patterns and examine different MEC selection algorithms under privacy constraints.,10.1109/PIMRC56721.2023.10293816,"offloading high-demand applications from user devices with limited hardware to edge servers, especially for location-based services",Offloading techniques,"This research looks at how offloading tasks from user devices to edge servers can improve user experience, especially for those with limited hardware. However, challenges arise due to users' mobility and the need to protect their privacy. The study simulates different scenarios to explore how mobility and privacy affect offloading performance. It shows that protecting user privacy (like not sharing accurate location data) can make offloading less efficient, increasing delays.","The study finds that protecting user privacy can lead to increased latency in edge offloading processes due to reduced access to accurate user information (location, preferences, etc.). It highlights the trade-offs between privacy, mobility, and offloading performance, showing that QoE can be impacted when privacy protection measures are implemented."
Renda A.; Ducange P.; Marcelloni F.; Sabella D.; Filippou M.C.; Nardini G.; Stea G.; Virdis A.; Micheli D.; Rapone D.; Baltar L.G.,"This article presents the concept of federated learning (FL) of eXplainable Artificial Intelligence (XAI) models as an enabling technology in advanced 5G towards 6G systems and discusses its applicability to the automated vehicle networking use case. Although the FL of neural networks has been widely investigated exploiting variants of stochastic gradient descent as the optimization method, it has not yet been adequately studied in the context of inherently explainable models. On the one side, XAI permits improving user experience of the offered communication services by helping end users trust (by design) that in-network AI functionality issues appropriate action recommendations. On the other side, FL ensures security and privacy of both vehicular and user data across the whole system. These desiderata are often ignored in existing AI-based solutions for wireless network planning, design and operation. In this perspective, the article provides a detailed description of relevant 6G use cases, with a focus on vehicle-to-everything (V2X) environments: we describe a framework to evaluate the proposed approach involving online training based on real data from live networks. FL of XAI models is expected to bring benefits as a methodology for achieving seamless availability of decentralized, lightweight and communication efficient intelligence. Impacts of the proposed approach (including standardization perspectives) consist in a better trustworthiness of operations, e.g., via explainability of quality of experience (QoE) predictions, along with security and privacy-preserving management of data from sensors, terminals, users and applications. © 2022 by the authors.","Title: Federated Learning of Explainable AI Models in 6G Systems: Towards Secure and Automated Vehicle Networking

Research Abstract: This article presents the concept of federated learning (FL) of eXplainable Artificial Intelligence (XAI) models as an enabling technology in advanced 5G towards 6G systems and discusses its applicability to the automated vehicle networking use case. Although the FL of neural networks has been widely investigated exploiting variants of stochastic gradient descent as the optimization method, it has not yet been adequately studied in the context of inherently explainable models. On the one side, XAI permits improving user experience of the offered communication services by helping end users trust (by design) that in-network AI functionality issues appropriate action recommendations. On the other side, FL ensures security and privacy of both vehicular and user data across the whole system. These desiderata are often ignored in existing AI-based solutions for wireless network planning, design and operation. In this perspective, the article provides a detailed description of relevant 6G use cases, with a focus on vehicle-to-everything (V2X) environments: we describe a framework to evaluate the proposed approach involving online training based on real data from live networks. FL of XAI models is expected to bring benefits as a methodology for achieving seamless availability of decentralized, lightweight and communication efficient intelligence. Impacts of the proposed approach (including standardization perspectives) consist in a better trustworthiness of operations, e.g., via explainability of quality of experience (QoE) predictions, along with security and privacy-preserving management of data from sensors, terminals, users and applications. © 2022 by the authors.based on the research abstract, give me in simple terms but in a concise manner:

I) Does the work related to telecommunications or network services ?

II) Does the work focused on both Quality of Experience (QoE) and user privacy aspects ?

III) What is the use case or application ?

IV) What the technologies employed ?

V) Give me results and conclusions of this research

Vi) In a text manner, Please provide a summary of the abstract in simple terms, highlighting the contributions and technologies employed.",2022,38,yes,yes,yes,Yes,Federated Learning of Explainable AI Models in 6G Systems: Towards Secure and Automated Vehicle Networking,\citeauthor{10.3390/info13080395} \cite{10.3390/info13080395},Federated Learning,Objective Metrics and Subjective Metrics,Explainable Artificial Intelligence,Vehicle-to-Everything ,B5G and 6G,Framework,Experiment,Empirical, Simu5G and  Intel's OpenNESS,Quality of Experience (QoE) measurement and privacy preservation,"The limitations include the computation and energy footprint of the FED-XAI system, potential resilience to attackers, and challenges related to multi-source data distributions and model scalability in real-time environments​","Future work involves enhancing the scalability of the proposed approach, addressing challenges in data distribution, and refining the learning strategies for tree-based models in a federated setting",10.3390/info13080395,vehicle-to-everything (V2X) communication,eXplainable Artificial Intelligence (XAI),"This article explores the use of federated learning and explainable AI as technologies for improving automated vehicle networking in the shift from 5G to 6G systems. It emphasizes the need for AI models that users can trust, enhancing their experience with communication services. Federated learning helps keep vehicle and user data secure and private across the network. ","The research suggests that using FL with XAI models can enhance the trustworthiness of AI systems in 6G networks, especially in terms of QoE predictions, while ensuring the privacy and security of vehicular and user data. It highlights the potential for decentralized, communication-efficient intelligence that is lightweight and explainable. The work also explores the benefits of standardization in this field.

"
Bechini A.; Daole M.; Ducange P.; Marcelloni F.; Renda A.,"The next generation of wireless networks will feature an increasing number of connected devices, which will produce an unprecedented volume of data. Knowledge extraction from decentralized data imposes the exploitation of computing and learning paradigms able to tame the complexity of the network and meet the growing requirement of trustworthiness. In this regard, edge computing overcomes the limitations of cloud computing by moving virtualized computing and storage resources closer to data sources. Furthermore, Federated Learning has been recently proposed as a means to let multiple parties collaboratively train an ML model without disclosing private data. In this paper, we propose an application that enables Federated Learning of eXplainable AI models (Fed-XAI) in an edge computing environment. The proposal represents a step forward towards the adoption of trustworthy AI in next generation wireless networks, ensuring both privacy preservation and explainability. The application components are described, along with the workflow for the training and inference stages. Finally, we discuss the application deployment, in a simulated setting, for addressing a task of video streaming Quality of Experience forecasting in a vehicular network case study. © 2023 IEEE.","Title: An Application for Federated Learning of XAI Models in Edge Computing Environments

Research Abstract: The next generation of wireless networks will feature an increasing number of connected devices, which will produce an unprecedented volume of data. Knowledge extraction from decentralized data imposes the exploitation of computing and learning paradigms able to tame the complexity of the network and meet the growing requirement of trustworthiness. In this regard, edge computing overcomes the limitations of cloud computing by moving virtualized computing and storage resources closer to data sources. Furthermore, Federated Learning has been recently proposed as a means to let multiple parties collaboratively train an ML model without disclosing private data. In this paper, we propose an application that enables Federated Learning of eXplainable AI models (Fed-XAI) in an edge computing environment. The proposal represents a step forward towards the adoption of trustworthy AI in next generation wireless networks, ensuring both privacy preservation and explainability. The application components are described, along with the workflow for the training and inference stages. Finally, we discuss the application deployment, in a simulated setting, for addressing a task of video streaming Quality of Experience forecasting in a vehicular network case study. © 2023 IEEE.based on the research abstract, give me in simple terms but in a concise manner:

I) Does the work related to telecommunications or network services ?

II) Does the work focused on both Quality of Experience (QoE) and user privacy aspects ?

III) What is the use case or application ?

IV) What the technologies employed ?

V) Give me results and conclusions of this research

Vi) In a text manner, Please provide a summary of the abstract in simple terms, highlighting the contributions and technologies employed.",2023,3,yes,yes,yes,Yes,An Application for Federated Learning of XAI Models in Edge Computing Environments,\citeauthor{10.1109/FUZZ52849.2023.10309783} \cite{10.1109/FUZZ52849.2023.10309783},Federated Learning,Objective Metrics,Explainable Artificial Intelligence,Video Streaming,B5G and 6G,Framework,Simulation,Empirical,Intel OpenFL and Simu5G,Quality of Experience (QoE) measurement and privacy preservation,"The paper does not mention specific limitations, but potential limitations could involve scalability in real-world deployments or resource allocation in heterogeneous environments.",The paper suggests further exploration into Fed-XAI applications in other domains like healthcare and smart industry​,10.1109/FUZZ52849.2023.10309783,edge computing,eXplainable AI,"This research introduces an application that combines Federated Learning (FL) and eXplainable AI (XAI) to handle the large amounts of data generated by the next generation of wireless networks. Edge computing is used to process data closer to its source, improving efficiency. By using FL, multiple parties can collaboratively train AI models without sharing sensitive data, ensuring privacy. The AI models are also explainable, meaning users can understand how the models make decisions.","The research demonstrates that the proposed application successfully integrates Federated Learning (FL) and eXplainable AI (XAI) models in edge computing environments. It enables the training of trustworthy AI models while maintaining data privacy and providing transparency in AI decision-making. In the vehicular network case study, the system was able to forecast video streaming QoE effectively. The deployment in a simulated environment shows promise for practical use in future wireless networks."
Islam M.T.; Rothenberg C.E.; Gomes P.H.,"The growing popularity of eXtended Reality (XR) is being driven by technological advancements and the demand for advanced immersive digital experiences, including the vision around the metaverse. Within the XR realm, 360-degree immersive video streaming is essential for Virtual Reality (VR) adventures and experiences. The use of E2E encryption for content delivery in 360-VR streaming poses challenges for network operators, making it difficult to manage their networks and assess potential Quality of Experience (QoE) impairments, specifically in 5G and beyond networks. Therefore, we propose a Machine Learning (ML) approach for inferring 360-VR video QoE metrics from network-level encrypted traffic. Our solution uses packet-level information for feature engineering, which serves as input for the ML model to predict target QoE estimators. We evaluate our solution using real 4G and 5G drive test traces with encrypted VR traffic using HTTPS and QUIC protocols. The experimental results show that the trained ML model yields reasonable accuracy with minimal residual error in predicting target VR QoE for both HTTPS and QUIC. Network operators can use such a model to passively monitor the real-time QoE of encrypted VR video sessions and optimize network performance.  © 2023 IEEE.","Title: Predicting XR Services QoE with ML: Insights from In-band Encrypted QoS Features in 360-VR

Research Abstract: The growing popularity of eXtended Reality (XR) is being driven by technological advancements and the demand for advanced immersive digital experiences, including the vision around the metaverse. Within the XR realm, 360-degree immersive video streaming is essential for Virtual Reality (VR) adventures and experiences. The use of E2E encryption for content delivery in 360-VR streaming poses challenges for network operators, making it difficult to manage their networks and assess potential Quality of Experience (QoE) impairments, specifically in 5G and beyond networks. Therefore, we propose a Machine Learning (ML) approach for inferring 360-VR video QoE metrics from network-level encrypted traffic. Our solution uses packet-level information for feature engineering, which serves as input for the ML model to predict target QoE estimators. We evaluate our solution using real 4G and 5G drive test traces with encrypted VR traffic using HTTPS and QUIC protocols. The experimental results show that the trained ML model yields reasonable accuracy with minimal residual error in predicting target VR QoE for both HTTPS and QUIC. Network operators can use such a model to passively monitor the real-time QoE of encrypted VR video sessions and optimize network performance.  © 2023 IEEE.based on the research abstract, give me in simple terms but in a concise manner:

I) Does the work related to telecommunications or network services ?

II) Does the work focused on both Quality of Experience (QoE) and user privacy aspects ?

III) What is the use case or application ?

IV) What the technologies employed ?

V) Give me results and conclusions of this research

Vi) In a text manner, Please provide a summary of the abstract in simple terms, highlighting the contributions and technologies employed.",2023,4,yes,yes,yes,Yes,Predicting XR Services QoE with ML: Insights from In-band Encrypted QoS Features in 360-VR,\citeauthor{10.1109/NetSoft57336.2023.10175481} \cite{10.1109/NetSoft57336.2023.10175481},End-to-end Encryption ,Objective Metrics,End-to-end Encryption ,Virtual Reality,4G and 5G,Method,Experiment,Empirical,Tcpdump,QoE measurement for 360-degree VR streaming using machine learning models to infer QoE metrics from encrypted network traffic.,"the limitations of this work include considering only the emulation environment, unvalidated model QoE value with subjective measurement, no model generalization/reevaluation, inability to determine poor QoE root cause, and lack of integration with radio access and deployment in 5G and beyond networks.","In the future, the proposed approach can be extended byconsidering more complex network scenarios and incorporat-ing the HTTP/2 protocol to take advantage of multiplexing  and server push. It would also be valuable to apply theproposed approach over an actual setup, including using realVR headsets and networks. Another promising area for futureresearch is to explore the potential of using the QoS-to-QoE model for XR services directly in the data plane byinvestigating the use of P4 or OpenRAN architectures as x-App/r-App.",10.1109/NetSoft57336.2023.10175481,predicting the Quality of Experience (QoE) for 360-degree VR streaming services,Encrypted Analysis,"The paper addresses the challenges of delivering 360-degree immersive video streaming in Virtual Reality (VR), particularly with end-to-end (E2E) encryption, which complicates network management and QoE assessment for network operators. The authors propose a Machine Learning (ML) approach to infer QoE metrics from encrypted network traffic. By analyzing packet-level data, the ML model predicts VR QoE estimators. They tested their solution using real-world 4G and 5G data from encrypted VR traffic transmitted via HTTPS and QUIC protocols. ","The results show that the proposed ML model can accurately predict QoE for 360-degree VR streaming, even with encrypted traffic, using minimal data and achieving low residual error. This allows network operators to monitor and optimize network performance for XR services without decrypting traffic."
Nyangaresi V.O.,"The Fifth Generation (5G) networks deploy base station ultra-densification to boost data rates, capacities, reliability, energy efficiency as well as the reduction of communication latencies. To increase quality of service as well as quality of experience, a large number of Internet of Things (IoT) communications are relayed over 5G networks. For enhanced pervasive computing, most of the devices in 5G-IoT networks are continuously connected to the network, exchanging massive and sensitive data. Therefore, there is need to protect these networks from both privacy and security attacks. As a result, many security protocols have been presented in literature. Unfortunately, IoT devices are heterogeneous in nature with diverse communication and security architectures. These issues render privacy and security protection extremely challenging. Consequently, majority of the conventional protocols fail to fully address privacy and security issues in 5G-IoT networks. Particularly, user collusion, de-synchronization and side-channeling attacks are ignored in most of the security protocols. On the other hand, some of the developed protocols achieve salient security but at extremely high computation, storage and communication complexities. In this paper, an elliptic curve and biometric based security token derivation scheme is presented. Formal security analysis using Burrows–Abadi–Needham (BAN) logic shows the negotiation of a session key between the communicating parties. On the other hand, informal security analysis shows that this scheme is secure under all the Canetti- Krawczyk (CK) threat model assumptions. In terms of efficiency, the comparative performance evaluation carried out shows that this protocol has the least communication and computation complexities among other related protocols. © 2022 The Author","Title: Terminal independent security token derivation scheme for ultra-dense IoT networks

Research Abstract: The Fifth Generation (5G) networks deploy base station ultra-densification to boost data rates, capacities, reliability, energy efficiency as well as the reduction of communication latencies. To increase quality of service as well as quality of experience, a large number of Internet of Things (IoT) communications are relayed over 5G networks. For enhanced pervasive computing, most of the devices in 5G-IoT networks are continuously connected to the network, exchanging massive and sensitive data. Therefore, there is need to protect these networks from both privacy and security attacks. As a result, many security protocols have been presented in literature. Unfortunately, IoT devices are heterogeneous in nature with diverse communication and security architectures. These issues render privacy and security protection extremely challenging. Consequently, majority of the conventional protocols fail to fully address privacy and security issues in 5G-IoT networks. Particularly, user collusion, de-synchronization and side-channeling attacks are ignored in most of the security protocols. On the other hand, some of the developed protocols achieve salient security but at extremely high computation, storage and communication complexities. In this paper, an elliptic curve and biometric based security token derivation scheme is presented. Formal security analysis using Burrows–Abadi–Needham (BAN) logic shows the negotiation of a session key between the communicating parties. On the other hand, informal security analysis shows that this scheme is secure under all the Canetti- Krawczyk (CK) threat model assumptions. In terms of efficiency, the comparative performance evaluation carried out shows that this protocol has the least communication and computation complexities among other related protocols. © 2022 The Authorbased on the research abstract, give me in simple terms but in a concise manner:

I) Does the work related to telecommunications or network services ?

II) Does the work focused on both Quality of Experience (QoE) and user privacy aspects ?

III) What is the use case or application ?

IV) What the technologies employed ?

V) Give me results and conclusions of this research

Vi) In a text manner, Please provide a summary of the abstract in simple terms, highlighting the contributions and technologies employed.",2022,10,yes,yes,yes,Yes,Terminal independent security token derivation scheme for ultra-dense IoT networks,\citeauthor{10.1016/j.array.2022.100210} \cite{10.1016/j.array.2022.100210},Elliptic Curve Cryptography,Not Provided,Eliptic Curve,Ultra-dense IoT Networks,5G,Method,Formal Analysis and Experiments,Empirical,PyCrypto library,Quality of Experience (QoE) measurement and privacy preservation,The study mentions the need for further reduction in communication overheads and testing the proposed security scheme using other threat models​,Future work involves reducing communication overhead and validating the scheme with other formal and informal threat models,10.1016/j.array.2022.100210,IoT devices in ultra-dense 5G networks,Burrows–Abadi–Needham (BAN) logic and Canetti-Krawczyk (CK) threat model,"The research proposes a new security protocol to protect IoT devices in 5G networks from various types of attacks. The protocol uses elliptic curve cryptography and biometric authentication to derive a secure token for communication between parties. Formal and informal security analysis show that this scheme is secure against common threats, and it has lower complexity compared to existing protocols.","The research demonstrates that the proposed elliptic curve and biometric-based security token derivation scheme is secure and efficient. The security analysis shows it can prevent common attacks like user collusion, de-synchronization, and side-channeling, while also being more efficient in terms of communication and computation compared to other security protocols."
Jayaram R.; Prabakaran S.,"Now-a-days computational offloading and quick disease prediction are identified as major difficult troubles of smart healthcare systems. As cloud based healthcare is primarily far away from remote patients which leads to high latency, bandwidth and computational usage at some point in real-time monitoring and diagnosis. Due to the expanded demand of real-time healthcare applications, there’s a want for higher quality of experience to carry out the disease prediction undertaking via low latency computational processing. So, the proposed research studies introduces an edge-cloud enabled healthcare system to carry out quick disease prediction in peer-to-peer edge-cloud integrated computing platform by minimizing the latency, bandwidth and computational power metrics. Consequently, a brand new fashion of adaptive cost and energy aware computational offloading scheme and privacy preserving communication protocol using hybrid encryption scheme are introduced. It will perform the real-time secure data offloading and processing among the edge nodes from the region where the affected patient records were initially collected. Also, an Adaptive Fuzzy Optimized k-Nearest Neighbor (AFO-k-NN) classifier model is introduced to predict Parkinson disease and primarily based on severity further diagnosis and rehabilitation process might be achieved by the healthcare system. Experimental evaluation on various offloading procedures and classifier models are made with respect to energy consumption, utility cost, response time, prediction time and prediction accuracy. Our expertise best, the proposed offloading scheme takes very less energy consumption, utility cost and response time while comparing to current cost-based, energy-based and learning-based schemes. In addition, the proposed privacy preserving communication protocol provides more privacy and security during offloading and sharing of patient data. Similarly, the proposed classifier model obtains less prediction time and greater prediction accuracy at the same time as compared to current classifier models. © 2021, The Author(s), under exclusive licence to Springer Science+Business Media, LLC, part of Springer Nature.","Title: Adaptive cost and energy aware secure peer-to-peer computational offloading in the edge-cloud enabled healthcare system

Research Abstract: Now-a-days computational offloading and quick disease prediction are identified as major difficult troubles of smart healthcare systems. As cloud based healthcare is primarily far away from remote patients which leads to high latency, bandwidth and computational usage at some point in real-time monitoring and diagnosis. Due to the expanded demand of real-time healthcare applications, there’s a want for higher quality of experience to carry out the disease prediction undertaking via low latency computational processing. So, the proposed research studies introduces an edge-cloud enabled healthcare system to carry out quick disease prediction in peer-to-peer edge-cloud integrated computing platform by minimizing the latency, bandwidth and computational power metrics. Consequently, a brand new fashion of adaptive cost and energy aware computational offloading scheme and privacy preserving communication protocol using hybrid encryption scheme are introduced. It will perform the real-time secure data offloading and processing among the edge nodes from the region where the affected patient records were initially collected. Also, an Adaptive Fuzzy Optimized k-Nearest Neighbor (AFO-k-NN) classifier model is introduced to predict Parkinson disease and primarily based on severity further diagnosis and rehabilitation process might be achieved by the healthcare system. Experimental evaluation on various offloading procedures and classifier models are made with respect to energy consumption, utility cost, response time, prediction time and prediction accuracy. Our expertise best, the proposed offloading scheme takes very less energy consumption, utility cost and response time while comparing to current cost-based, energy-based and learning-based schemes. In addition, the proposed privacy preserving communication protocol provides more privacy and security during offloading and sharing of patient data. Similarly, the proposed classifier model obtains less prediction time and greater prediction accuracy at the same time as compared to current classifier models. © 2021, The Author(s), under exclusive licence to Springer Science+Business Media, LLC, part of Springer Nature.based on the research abstract, give me in simple terms but in a concise manner:

I) Does the work related to telecommunications or network services ?

II) Does the work focused on both Quality of Experience (QoE) and user privacy aspects ?

III) What is the use case or application ?

IV) What the technologies employed ?

V) Give me results and conclusions of this research

Vi) In a text manner, Please provide a summary of the abstract in simple terms, highlighting the contributions and technologies employed.",2021,3,yes,yes,yes,Yes,Adaptive cost and energy aware secure peer-to-peer computational offloading in the edge-cloud enabled healthcare system,\citeauthor{10.1007/s12083-021-01177-4} \cite{10.1007/s12083-021-01177-4},Hybrid Encryption Scheme,Objective Metrics,Edge-Cloud Integration,Healthcare,4G and 5G,Method,Experiment,Empirical,Not Provided,Quality of Experience (QoE) measurement and privacy preservation,"The current system is not optimized for trust-based peer-to-peer interactions, and there are common security threats that still need to be addressed among the edge nodes.",Future research will focus on integrating trust-based behavioral learning and improving offloading mechanisms to further secure data sharing among edge nodes.,10.1007/s12083-021-01177-4,healthcare,"Adaptive Cost and Energy-Aware Computational Offloading ; 
Hybrid Encryption Scheme; 
Adaptive Fuzzy Optimized k-Nearest Neighbor (AFO-k-NN) Classifier","This research aims to improve how healthcare systems handle real-time disease prediction, especially for conditions like Parkinson's disease, by offloading computational tasks from cloud to edge devices. The goal is to reduce delays, energy use, and costs while ensuring patient data privacy. They developed a new cost and energy-efficient offloading strategy and a secure communication protocol using hybrid encryption to protect data during processing. Additionally, they introduced a machine learning model called AFO-k-NN to predict Parkinson’s disease more quickly and accurately.","The study concludes that the proposed computational offloading scheme consumes less energy, reduces utility costs, and has a faster response time compared to existing offloading techniques. The privacy-preserving communication protocol enhances data security during offloading. Additionally, the proposed classifier (AFO-k-NN) achieves higher prediction accuracy and lower prediction time compared to traditional models."
Gong C.; Lin F.; Gong X.; Lu Y.,"The fusion of edge computing and artificial intelligence (AI) technology is a key enabler for the smart Internet of Things (IoT). However, these two emerging paradigms face many issues for their integration, such as data storage structure, model generation algorithms, and cloud-edge collaboration mechanisms. Moreover, edge computing is not ready for supporting AI and can be enabled to support AI via some basic network functions related to Quality of Experience (QoE), such as passive computation offloading and content caching. In this article, we present an intelligent cooperative edge (ICE) computing in IoT networks to achieve a complementary integration of AI and edge computing. The AI-related modules of edge computing are redesigned for distributing AI's core functions from the cloud to the edge. IoT-generated data are differentiated as user-private data preserved locally in IoT devices, edge-private data isolated on the edge and public data uploaded to the cloud. Therefore, a cloud-scale machine learning model can be generated, followed by privacy-preserving transfer learning running on each edge, which also has data updated more frequently that enables the model's incremental learning. The model distribution is accomplished through lightweight deployment pipelines consisting of cloud compression and edge reconstruction. Conversely, some key issues of edge computing, such as the computation offloading and content caching, achieve a better solution using the localized AI. We perform the prototype-based evaluation, which indicates that the ICE computing architecture enables a benign combination of AI and edge computing. © 2014 IEEE.","Title: Intelligent Cooperative Edge Computing in Internet of Things

Research Abstract: The fusion of edge computing and artificial intelligence (AI) technology is a key enabler for the smart Internet of Things (IoT). However, these two emerging paradigms face many issues for their integration, such as data storage structure, model generation algorithms, and cloud-edge collaboration mechanisms. Moreover, edge computing is not ready for supporting AI and can be enabled to support AI via some basic network functions related to Quality of Experience (QoE), such as passive computation offloading and content caching. In this article, we present an intelligent cooperative edge (ICE) computing in IoT networks to achieve a complementary integration of AI and edge computing. The AI-related modules of edge computing are redesigned for distributing AI's core functions from the cloud to the edge. IoT-generated data are differentiated as user-private data preserved locally in IoT devices, edge-private data isolated on the edge and public data uploaded to the cloud. Therefore, a cloud-scale machine learning model can be generated, followed by privacy-preserving transfer learning running on each edge, which also has data updated more frequently that enables the model's incremental learning. The model distribution is accomplished through lightweight deployment pipelines consisting of cloud compression and edge reconstruction. Conversely, some key issues of edge computing, such as the computation offloading and content caching, achieve a better solution using the localized AI. We perform the prototype-based evaluation, which indicates that the ICE computing architecture enables a benign combination of AI and edge computing. © 2014 IEEE.based on the research abstract, give me in simple terms but in a concise manner:

I) Does the work related to telecommunications or network services ?

II) Does the work focused on both Quality of Experience (QoE) and user privacy aspects ?

III) What is the use case or application ?

IV) What the technologies employed ?

V) Give me results and conclusions of this research

Vi) In a text manner, Please provide a summary of the abstract in simple terms, highlighting the contributions and technologies employed.",2020,120,yes,yes,yes,Yes,Intelligent Cooperative Edge Computing in Internet of Things,\citeauthor{10.1109/JIOT.2020.2986015} \cite{10.1109/JIOT.2020.2986015},Differential Privacy ,Objective Metrics,Edge Reconstruction,Internet of Things,Different Contexts,Framework,Experiment,Empirical,Not Provided,Quality of Experience (QoE) measurement and privacy preservation,The study mentions challenges with model performance loss at high compression ratios and acknowledges the limited reconstruction capability for AI models under certain constraints.,"The paper suggests further improvement in model compression and reconstruction techniques, as well as more efficient integration between edge and cloud AI models.",10.1109/JIOT.2020.2986015," IoT networks, enabling smart and efficient data processing through edge computing integrated with artificial intelligence, enhancing real-time services",privacy-preserving transfer learning,"This research presents an Intelligent Cooperative Edge (ICE) computing system designed for Internet of Things (IoT) networks. It integrates artificial intelligence (AI) with edge computing to distribute AI functions closer to where data is generated, instead of relying entirely on cloud computing. By classifying IoT data into user-private, edge-private, and public categories, the system protects privacy while improving the efficiency of data processing. AI helps in key network functions like computation offloading and content caching, making the network more responsive.",The prototype evaluation shows that the intelligent cooperative edge (ICE) architecture enables an efficient combination of AI and edge computing. The architecture enhances data processing and decision-making in IoT networks while improving privacy and optimizing network performance through localized AI.
Al-Quraan M.; Zoha A.; Centeno A.; Salameh H.B.; Muhaidat S.; Imran M.A.; Mohjazi L.,"This article introduces a new method to improve the dependability of millimeter-wave (mmWave) and terahertz (THz) network services in dynamic outdoor environments. In these settings, line-of-sight (LoS) connections are easily interrupted by moving obstacles like humans and vehicles. The proposed approach, coined as Radar-aided Dynamic blockage Recognition (RaDaR), leverages radar measurements and federated learning (FL) to train a dual-output neural network (NN) model capable of simultaneously predicting blockage status and time. This enables determining the optimal point for proactive handover (PHO) or beam switching, thereby reducing the latency introduced by 5G new radio procedures and ensuring high quality of experience (QoE). The framework employs radar sensors to monitor and track object movement, generating range-angle and range-velocity maps that are useful for scene analysis and predictions. Moreover, FL provides additional benefits such as privacy protection, scalability, and knowledge sharing. The framework is assessed using an extensive real-world dataset comprising mmWave channel information and radar data. The evaluation results show that RaDaR substantially enhances network reliability, achieving an average success rate of 94&#x0025; for PHO compared to existing reactive HO procedures that lack proactive blockage prediction. Additionally, RaDaR maintains a superior QoE by ensuring sustained high throughput levels and minimising PHO latency. IEEE","Title: Enhancing Reliability in Federated mmWave Networks: A Practical and Scalable Solution using Radar-Aided Dynamic Blockage Recognition

Research Abstract: This article introduces a new method to improve the dependability of millimeter-wave (mmWave) and terahertz (THz) network services in dynamic outdoor environments. In these settings, line-of-sight (LoS) connections are easily interrupted by moving obstacles like humans and vehicles. The proposed approach, coined as Radar-aided Dynamic blockage Recognition (RaDaR), leverages radar measurements and federated learning (FL) to train a dual-output neural network (NN) model capable of simultaneously predicting blockage status and time. This enables determining the optimal point for proactive handover (PHO) or beam switching, thereby reducing the latency introduced by 5G new radio procedures and ensuring high quality of experience (QoE). The framework employs radar sensors to monitor and track object movement, generating range-angle and range-velocity maps that are useful for scene analysis and predictions. Moreover, FL provides additional benefits such as privacy protection, scalability, and knowledge sharing. The framework is assessed using an extensive real-world dataset comprising mmWave channel information and radar data. The evaluation results show that RaDaR substantially enhances network reliability, achieving an average success rate of 94&#x0025; for PHO compared to existing reactive HO procedures that lack proactive blockage prediction. Additionally, RaDaR maintains a superior QoE by ensuring sustained high throughput levels and minimising PHO latency. IEEEbased on the research abstract, give me in simple terms but in a concise manner:

I) Does the work related to telecommunications or network services ?

II) Does the work focused on both Quality of Experience (QoE) and user privacy aspects ?

III) What is the use case or application ?

IV) What the technologies employed ?

V) Give me results and conclusions of this research

Vi) In a text manner, Please provide a summary of the abstract in simple terms, highlighting the contributions and technologies employed.",2024,0,yes,yes,yes,Yes,Enhancing Reliability in Federated mmWave Networks: A Practical and Scalable Solution using Radar-Aided Dynamic Blockage Recognition,\citeauthor{10.1109/TMC.2024.3373529} \cite{10.1109/TMC.2024.3373529},Federated Learning,Objective Metrics,Dual-output neural network,Mobile Networks,B5G and 6G,Framework,Experiment,Empirical,Not Provided,Quality of Experience (QoE) measurement and privacy preservation,"The challenge of accurately predicting blockage timing due to variations in real-world environments.
Limited exploration of other object dimensions (such as width or length) for predicting blockage durations.","Expanding the system to consider full object dimensions to improve blockage duration predictions.
Enhancing real-time performance through improved radar and computation capab",10.1109/TMC.2024.3373529,millimeter-wave (mmWave) and terahertz (THz) networks,Neural Network,"The paper presents a new method called Radar-aided Dynamic blockage Recognition (RaDaR) to improve the reliability of mmWave and THz network services in outdoor environments where line-of-sight connections can be disrupted by moving obstacles. RaDaR uses radar measurements and federated learning to train a dual-output neural network that predicts both the status of blockages and the time until they occur. This allows for proactive handover (PHO) or beam switching, which reduces latency compared to traditional methods. The framework utilizes radar sensors to create maps that help analyze and predict object movement. ","The proposed RaDaR framework significantly improves network reliability with a 94% success rate for proactive handover (PHO), reducing latency and improving throughput compared to traditional reactive handover methods. It ensures better Quality of Experience (QoE) by minimizing disruptions caused by blockages."
Ickin S.; Fiedler M.; Vandikas K.,"The development of Quality of Experience (QoE) models using Machine Learning (ML) is challenging, since it can be difficult to share datasets between research entities to protect the intellectual property of the ML model and the confidentiality of user studies in compliance with data protection regulations such as General Data Protection Regulation (GDPR). This makes distributed machine learning techniques that do not necessitate sharing of data or attribute names appealing. One suitable use case in the scope of QoE can be the task of mapping QoE indicators for the perception of quality such as Mean Opinion Scores (MOS), in a distributed manner. In this article, we present Distributed Ensemble Learning (DEL), and Vertical Federated Learning (vFL) to address this context. Both approaches can be applied to datasets that have different feature sets, i.e., split features. The DEL approach is ML model-agnostic and achieves up to (Formula presented.) accuracy improvement of ensembling various generic and specific models. The vFL approach is based on neural networks and achieves on-par accuracy with a conventional Fully Centralized machine learning model, while exhibiting statistically significant performance that is superior to that of the Isolated local models with an average accuracy improvement of (Formula presented.). Moreover, energy-efficient vFL with reduced network footprint and training time is obtained by further tuning the model hyper-parameters. © 2021 by the authors.","Title: QoE Modeling on Split Features with Distributed Deep Learning

Research Abstract: The development of Quality of Experience (QoE) models using Machine Learning (ML) is challenging, since it can be difficult to share datasets between research entities to protect the intellectual property of the ML model and the confidentiality of user studies in compliance with data protection regulations such as General Data Protection Regulation (GDPR). This makes distributed machine learning techniques that do not necessitate sharing of data or attribute names appealing. One suitable use case in the scope of QoE can be the task of mapping QoE indicators for the perception of quality such as Mean Opinion Scores (MOS), in a distributed manner. In this article, we present Distributed Ensemble Learning (DEL), and Vertical Federated Learning (vFL) to address this context. Both approaches can be applied to datasets that have different feature sets, i.e., split features. The DEL approach is ML model-agnostic and achieves up to (Formula presented.) accuracy improvement of ensembling various generic and specific models. The vFL approach is based on neural networks and achieves on-par accuracy with a conventional Fully Centralized machine learning model, while exhibiting statistically significant performance that is superior to that of the Isolated local models with an average accuracy improvement of (Formula presented.). Moreover, energy-efficient vFL with reduced network footprint and training time is obtained by further tuning the model hyper-parameters. © 2021 by the authors.based on the research abstract, give me in simple terms but in a concise manner:

I) Does the work related to telecommunications or network services ?

II) Does the work focused on both Quality of Experience (QoE) and user privacy aspects ?

III) What is the use case or application ?

IV) What the technologies employed ?

V) Give me results and conclusions of this research

Vi) In a text manner, Please provide a summary of the abstract in simple terms, highlighting the contributions and technologies employed.",2021,6,yes,yes,yes,Yes,QoE Modeling on Split Features with Distributed Deep Learning,\citeauthor{10.3390/network1020011} \cite{10.3390/network1020011},Federated Learning,Objective Metrics and Subjective Metrics,Distributed Ensemble Learning,QoE Forecasting,B5G and 6G,Framework,Experiment,Empirical,RabbitMQ,Quality of Experience (QoE) measurement and privacy preservation,"A key limitation discussed is the challenge of ensuring high accuracy across distributed datasets with heterogeneous features. The vFL approach, while effective, still requires careful tuning to balance privacy and accuracy","The paper suggests further investigation into more efficient distributed learning techniques, especially those that can reduce the communication overhead between nodes while maintaining model accuracy​",10.3390/network1020011,predicting and modeling Mean Opinion Scores (MOS),Distributed Ensemble Learning (DEL) ;  Neural Networks,"This research introduces methods for improving the way Quality of Experience (QoE) models are developed using Machine Learning (ML) without requiring the sharing of sensitive user data. It presents two key approaches: Distributed Ensemble Learning (DEL) and Vertical Federated Learning (vFL). DEL combines multiple ML models to enhance accuracy while keeping data secure, and vFL uses neural networks to achieve similar accuracy levels to centralized models without needing to centralize data.","The study demonstrates that Distributed Ensemble Learning (DEL) can improve model accuracy compared to isolated models. Vertical Federated Learning (vFL) achieves accuracy comparable to fully centralized models while being more efficient than isolated models. The approach also reduces network usage and training time, making it more energy-efficient. Overall, the proposed methods offer both privacy protection and performance improvements for QoE modeling."
Jin Y.; Zhang W.; Xu Z.; Wang F.; Liu X.,"Immersive videos, also known as 360<inline-formula><tex-math notation=""LaTeX"">$^{\circ }$</tex-math></inline-formula> videos, have gained significant attention in recent years due to their ability to provide an interactive and engaging experience. However, the development of immersive video streaming faces several challenges, including privacy concerns, the need for accurate viewport prediction, and efficient bandwidth allocation. In this paper, we propose a comprehensive system that integrates three specialized modules: the Privacy Protection module, the Viewport Prediction module, and the Bitrate Allocation module. The Privacy Protection module introduces a novel approach to differential privacy tailored for immersive video environments, considering the spatial and temporal correlations in viewport and gaze motion data. The Viewport Prediction module leverages a crossmodal attention mechanism based on the transformer to predict user viewport movements by analyzing the complex interactions between historical data, video content, and gaze patterns. The Bitrate Allocation module employs an adaptive tile-based bitrate allocation strategy using an exponential decay function to optimize video quality and maximize user quality of experience. Experimental results demonstrate that our proposed framework outperforms three state-of-the-art integrated frameworks, achieving an average QoE improvement of 21.61&#x0025;. This paper offers substantial novelty in addressing privacy concerns, leveraging gaze information for viewport prediction, and utilizing underlying correlations between different features. IEEE","Title: Privacy-Preserving Gaze-Assisted Immersive Video Streaming

Research Abstract: Immersive videos, also known as 360<inline-formula><tex-math notation=""LaTeX"">$^{\circ }$</tex-math></inline-formula> videos, have gained significant attention in recent years due to their ability to provide an interactive and engaging experience. However, the development of immersive video streaming faces several challenges, including privacy concerns, the need for accurate viewport prediction, and efficient bandwidth allocation. In this paper, we propose a comprehensive system that integrates three specialized modules: the Privacy Protection module, the Viewport Prediction module, and the Bitrate Allocation module. The Privacy Protection module introduces a novel approach to differential privacy tailored for immersive video environments, considering the spatial and temporal correlations in viewport and gaze motion data. The Viewport Prediction module leverages a crossmodal attention mechanism based on the transformer to predict user viewport movements by analyzing the complex interactions between historical data, video content, and gaze patterns. The Bitrate Allocation module employs an adaptive tile-based bitrate allocation strategy using an exponential decay function to optimize video quality and maximize user quality of experience. Experimental results demonstrate that our proposed framework outperforms three state-of-the-art integrated frameworks, achieving an average QoE improvement of 21.61&#x0025;. This paper offers substantial novelty in addressing privacy concerns, leveraging gaze information for viewport prediction, and utilizing underlying correlations between different features. IEEEbased on the research abstract, give me in simple terms but in a concise manner:

I) Does the work related to telecommunications or network services ?

II) Does the work focused on both Quality of Experience (QoE) and user privacy aspects ?

III) What is the use case or application ?

IV) What the technologies employed ?

V) Give me results and conclusions of this research

Vi) In a text manner, Please provide a summary of the abstract in simple terms, highlighting the contributions and technologies employed.",2024,0,yes,yes,yes,Yes,Privacy-Preserving Gaze-Assisted Immersive Video Streaming,\citeauthor{10.1109/TMC.2024.3452510} \cite{10.1109/TMC.2024.3452510},Differential Privacy,Objective Metrics,Differential Privacy,Video Streaming,B5G and 6G,Framework,Experiment,Empirical,Not Provided,QoE measurement and privacy preservation in immersive video streaming,Not Provided,Not Provided,10.1109/TMC.2024.3452510,immersive video streaming,Crossmodal Attention with Transformer,"The paper presents a system designed to enhance immersive video streaming (360 videos) by integrating three key modules: Privacy Protection, Viewport Prediction, and Bitrate Allocation. The Privacy Protection module uses a novel differential privacy approach tailored for immersive environments, considering how users' gaze and viewport data change over time and space. The Viewport Prediction module utilizes a transformer-based crossmodal attention mechanism to predict where users will look next by analyzing historical data and video content. The Bitrate Allocation module applies an adaptive strategy to allocate video quality based on user needs, optimizing overall video experience","The proposed framework outperforms three state-of-the-art systems, with a 21.61% improvement in average Quality of Experience (QoE).
The framework provides an effective balance between privacy protection and optimized video streaming performance, ensuring higher video quality and better user experience."
Baraković S.; Husić J.B.,"The rise of cyber-attacks coming up with the increased use of mobile devices and web services has initiated the growth of interest to understand the impact of Perception of Security (PoS) on Quality of Experience (QoE) in mobile web context and which factors impact PoS. This paper aims to investigate the relations among QoE, PoS, and multiple influence factors in different mobile web contexts. The obtained results have shown that PoS differently impacts QoE in considered mobile web contexts (banking, commerce, browsing, mail, and health). Also, the analyzed factors (risk, reliability and availability, 3rd party seals, privacy, security, grammar quality, aesthetics, reputation, brand name, and usability) have been assigned different weights of influence in terms of PoS in mobile web contexts. These findings open a wide range of potential research that could lead to the increase and improvement of users’ Quality of Life (QoL). © 2022 Taylor & Francis Group, LLC.","Title: The Importance of Security Matters for Quality of Experience in Mobile Web Context

Research Abstract: The rise of cyber-attacks coming up with the increased use of mobile devices and web services has initiated the growth of interest to understand the impact of Perception of Security (PoS) on Quality of Experience (QoE) in mobile web context and which factors impact PoS. This paper aims to investigate the relations among QoE, PoS, and multiple influence factors in different mobile web contexts. The obtained results have shown that PoS differently impacts QoE in considered mobile web contexts (banking, commerce, browsing, mail, and health). Also, the analyzed factors (risk, reliability and availability, 3rd party seals, privacy, security, grammar quality, aesthetics, reputation, brand name, and usability) have been assigned different weights of influence in terms of PoS in mobile web contexts. These findings open a wide range of potential research that could lead to the increase and improvement of users’ Quality of Life (QoL). © 2022 Taylor & Francis Group, LLC.based on the research abstract, give me in simple terms but in a concise manner:

I) Does the work related to telecommunications or network services ?

II) Does the work focused on both Quality of Experience (QoE) and user privacy aspects ?

III) What is the use case or application ?

IV) What the technologies employed ?

V) Give me results and conclusions of this research

Vi) In a text manner, Please provide a summary of the abstract in simple terms, highlighting the contributions and technologies employed.",2023,3,yes,yes,yes,Yes,The Importance of Security Matters for Quality of Experience in Mobile Web Context,,Not Provided,Subjective Metrics,,Perception of Security and QoE,,,,Empirical,,Quality of Experience (QoE) measurement and privacy preservation,,,10.1080/10447318.2022.2072454,understanding how Perception of Security (PoS) affects Quality of Experience (QoE) across various mobile web services,,"The abstract discusses a study on how the perception of security (PoS) influences the Quality of Experience (QoE) for mobile web users across different contexts, such as banking, commerce, and health. The research found that PoS has varying effects on QoE depending on the context, and identified several factors that influence PoS, including risk, reliability, privacy, and usability. Each of these factors was assigned different levels of importance. ","The research finds that Perception of Security (PoS) has different impacts on Quality of Experience (QoE) depending on the mobile web context (e.g., banking vs. browsing). Various factors, such as risk, privacy, reliability, usability, and brand reputation, influence PoS to varying degrees. The findings suggest that improving PoS in mobile web services can lead to enhancements in users' Quality of Life (QoL)."
Shan N.; Cui X.; Gao Z.,"With the emergence of a large number of computation-intensive and time-sensitive applications, smart terminal devices with limited resources can only run the model training part of most intelligent applications in the cloud, so a large amount of training data needs to be uploaded to the cloud. This is an important cause of core network communication congestion and poor Quality-of-Experience (QoE) of user. As an important extension and supplement of cloud computing, Mobile Edge Computing (MEC) sinks computing and storage resources from the cloud to the vicinity of User Mobile Devices (UMDs), greatly reducing service latency and alleviating the burden on core networks. However, due to the high cost of edge servers deployment and maintenance, MEC also has the problems of limited network resources and computing resources, and the edge network environment is complex and mutative. Therefore, how to reasonably allocate network resources and computing resources in a changeable MEC environment has become a great aporia. To combat this issue, this paper proposes an intelligent resource allocation model “DRL + FL”. Based on this model, an intelligent resource allocation algorithm DDQN-RA based on the emerging DRL algorithm framework DDQN is designed to adaptively allocate network and computing resources. At the same time, the model integrates the FL framework with the mobile edge system to train DRL agents in a distributed way. This model can well solve the problems of uploading large amounts of training data via wireless channels, Non-IID and unbalance of training data when training DRL agents, restrictions on communication conditions, and data privacy. Experimental results show that the proposed “DRL + FL” model is superior to the traditional resource allocation algorithms SDR and LOBO and the intelligent resource allocation algorithm DRLRA in three aspects: minimizing the average energy consumption of the system, minimizing the average service delay, and balancing resource allocation. © 2020 Elsevier B.V.","Title: “DRL + FL”: An intelligent resource allocation model based on deep reinforcement learning for Mobile Edge Computing

Research Abstract: With the emergence of a large number of computation-intensive and time-sensitive applications, smart terminal devices with limited resources can only run the model training part of most intelligent applications in the cloud, so a large amount of training data needs to be uploaded to the cloud. This is an important cause of core network communication congestion and poor Quality-of-Experience (QoE) of user. As an important extension and supplement of cloud computing, Mobile Edge Computing (MEC) sinks computing and storage resources from the cloud to the vicinity of User Mobile Devices (UMDs), greatly reducing service latency and alleviating the burden on core networks. However, due to the high cost of edge servers deployment and maintenance, MEC also has the problems of limited network resources and computing resources, and the edge network environment is complex and mutative. Therefore, how to reasonably allocate network resources and computing resources in a changeable MEC environment has become a great aporia. To combat this issue, this paper proposes an intelligent resource allocation model “DRL + FL”. Based on this model, an intelligent resource allocation algorithm DDQN-RA based on the emerging DRL algorithm framework DDQN is designed to adaptively allocate network and computing resources. At the same time, the model integrates the FL framework with the mobile edge system to train DRL agents in a distributed way. This model can well solve the problems of uploading large amounts of training data via wireless channels, Non-IID and unbalance of training data when training DRL agents, restrictions on communication conditions, and data privacy. Experimental results show that the proposed “DRL + FL” model is superior to the traditional resource allocation algorithms SDR and LOBO and the intelligent resource allocation algorithm DRLRA in three aspects: minimizing the average energy consumption of the system, minimizing the average service delay, and balancing resource allocation. © 2020 Elsevier B.V.based on the research abstract, give me in simple terms but in a concise manner:

I) Does the work related to telecommunications or network services ?

II) Does the work focused on both Quality of Experience (QoE) and user privacy aspects ?

III) What is the use case or application ?

IV) What the technologies employed ?

V) Give me results and conclusions of this research

Vi) In a text manner, Please provide a summary of the abstract in simple terms, highlighting the contributions and technologies employed.",2020,36,yes,yes,yes,Yes,“DRL + FL”: An intelligent resource allocation model based on deep reinforcement learning for Mobile Edge Computing,\citeauthor{10.1016/j.comcom.2020.05.037} \cite{10.1016/j.comcom.2020.05.037},Federated Learning,Objective Metrics,Deep Reinforcement Learning,Mobile-Edge Computing ,Different Contexts,Model,Simulation,Empirical,Not Provided,Quality of Experience (QoE) measurement and privacy preservation,"The study acknowledges the challenge of limited communication capabilities in MEC environments, particularly when integrating UMDs (user mobile devices) with edge nodes and the cloud.",Future work involves optimizing not only resource allocation but also fine-grained AI task scheduling on edge nodes and UMDs in a collaborative manner.,10.1016/j.comcom.2020.05.037, resource allocation in Mobile Edge Computing (MEC) environments,Federated Learning (FL),"The paper introduces an intelligent resource allocation model called ""DRL + FL"" for Mobile Edge Computing (MEC). It utilizes a DRL algorithm (specifically DDQN-RA) to dynamically allocate network and computing resources based on changing MEC conditions. The model integrates FL to handle challenges like non-IID (non-identically distributed) and unbalanced training data, ensuring robust performance and data privacy.","The experimental results show that the proposed ""DRL + FL"" model outperforms traditional and intelligent resource allocation algorithms in minimizing system energy consumption, reducing service delays, and achieving better balance in resource allocation. It is particularly effective in complex, dynamic edge environments."
Zhao T.; Li F.; He L.,"Wireless video offloading in mobile-edge-computing (MEC)-enabled Industrial Internet of Things imposes a risk of exposing users' private data to eavesdroppers. It is difficult for existing secure video offloading schemes to simultaneously guarantee security, reduce latency and energy consumption in privacy-sensitive multicell scenarios where users are unwilling to offload data to other cells. In this article, a secure video offloading scheme based on multicell federated (MCF) deep reinforcement learning (DRL) is proposed to facilitate a secure, real-time, and efficient MEC network by efficient orchestration of limited resources. We formulate a collaborative optimization problem of video frame resolution and resources to minimize latency and energy consumption while maximizing the security rate subject to analytic accuracy and limited resources. To solve the formulated NP-hard problem, a MCF DRL algorithm based on the frameworks of multicell horizontal federated learning (FL) and hierarchical reward function-based twin delayed deep deterministic policy gradient (TD3) is proposed. First of all, hierarchical reward function-based TD3 is employed to solve the collaborative optimization NP-hard problem formulated for each single cell, where the optimal solution can be efficiently approached by the agent under the guidance of the innovatively designed hierarchical reward function. Then, multicell horizontal FL is applied on TD3 to obtain a model with higher model quality by averagely aggregating multiple individual TD3 models. Simulation results reveal that the proposed algorithm outperforms comparison algorithms in terms of utility, cost, latency, energy consumption, and security rate.  © 2005-2012 IEEE.","Title: Secure Video Offloading in MEC-Enabled IIoT Networks: A Multicell Federated Deep Reinforcement Learning Approach

Research Abstract: Wireless video offloading in mobile-edge-computing (MEC)-enabled Industrial Internet of Things imposes a risk of exposing users' private data to eavesdroppers. It is difficult for existing secure video offloading schemes to simultaneously guarantee security, reduce latency and energy consumption in privacy-sensitive multicell scenarios where users are unwilling to offload data to other cells. In this article, a secure video offloading scheme based on multicell federated (MCF) deep reinforcement learning (DRL) is proposed to facilitate a secure, real-time, and efficient MEC network by efficient orchestration of limited resources. We formulate a collaborative optimization problem of video frame resolution and resources to minimize latency and energy consumption while maximizing the security rate subject to analytic accuracy and limited resources. To solve the formulated NP-hard problem, a MCF DRL algorithm based on the frameworks of multicell horizontal federated learning (FL) and hierarchical reward function-based twin delayed deep deterministic policy gradient (TD3) is proposed. First of all, hierarchical reward function-based TD3 is employed to solve the collaborative optimization NP-hard problem formulated for each single cell, where the optimal solution can be efficiently approached by the agent under the guidance of the innovatively designed hierarchical reward function. Then, multicell horizontal FL is applied on TD3 to obtain a model with higher model quality by averagely aggregating multiple individual TD3 models. Simulation results reveal that the proposed algorithm outperforms comparison algorithms in terms of utility, cost, latency, energy consumption, and security rate.  © 2005-2012 IEEE.based on the research abstract, give me in simple terms but in a concise manner:

I) Does the work related to telecommunications or network services ?

II) Does the work focused on both Quality of Experience (QoE) and user privacy aspects ?

III) What is the use case or application ?

IV) What the technologies employed ?

V) Give me results and conclusions of this research

Vi) In a text manner, Please provide a summary of the abstract in simple terms, highlighting the contributions and technologies employed.",2024,4,yes,yes,yes,Yes,Secure Video Offloading in MEC-Enabled IIoT Networks: A Multicell Federated Deep Reinforcement Learning Approach,\citeauthor{10.1109/TII.2023.3280314} \cite{10.1109/TII.2023.3280314},Federated Learning,Objective Metrics,Deep Reinforcement Learning,Mobile-Edge Computing ,5G,Framework,Simulation,Empirical,Not Provided,Quality of Experience (QoE) measurement and privacy preservation,"The current model focuses on single-cell optimization and needs extension to handle multicell scenarios and more complex interactions between multiple cells.
","The authors aim to extend the work to multicell optimization using multiagent DRL (MATD3), targeting better solutions for competitive and cooperative tasks in a broader MEC context.",10.1109/TII.2023.3280314,mobile-edge computing (MEC) and the Industrial Internet of Things (IIoT),Deep reinforcement learning,"This research tackles the problem of securely transmitting video data in industrial networks using mobile edge computing (MEC). Traditional methods struggle to balance security, speed, and energy use. The authors propose a new approach using federated learning (where data is not shared between cells) and a specialized deep reinforcement learning algorithm (TD3).","The simulation results show that the proposed algorithm outperforms existing methods in terms of utility, cost, latency, energy consumption, and security. The research concludes that combining multicell federated learning and deep reinforcement learning is an effective solution for secure, efficient video offloading in MEC-enabled IIoT networks."
Gao Y.; Wei X.; Zhou L.,"Personalized networking video service, as an inevitable trend recently, has become the core part for users' quality of experience (QoE) improvement. Unfortunately, existing schemes of QoE improvement are far from personalized since most of them only focus on network-level or user-level optimization. How to realize personalized QoE improvement for networking video service has been widely considered as a fundamental technical challenge. To get over this dilemma, this work proposes a personalized QoE improvement scheme by fully taking advantage of the time-varying influences on users' QoE, including user-awareness, device-awareness and contextawareness. The highlights of this work lie in that, the proposed scheme realizes the personalization comprehensively considering all these three dimensions, meanwhile, it is so robust that can be applied to the application scenario where the observable users' data is not sufficient. Specifically, we firstly design a comprehensive data collection strategy and accurately classify these collected data. Then, an efficient deep learning (DL)-based model for personalized characteristics extraction is proposed to precisely characterize personalization with temporal, spatial and periodic correlations. Subsequently, to resolve the data sparsity issue, a federated learning (FL)-based architecture with privacy-protection is designed by securely exchanging encrypted parameters with other users. Importantly, we design an optimization scheme based on comprehensive MOS formula for personalized QoE improvement. Experimental results demonstrate that the proposed scheme has a significantly better performance on the personalized QoE improvement. © 1983-2012 IEEE.","Title: Personalized QoE Improvement for Networking Video Service

Research Abstract: Personalized networking video service, as an inevitable trend recently, has become the core part for users' quality of experience (QoE) improvement. Unfortunately, existing schemes of QoE improvement are far from personalized since most of them only focus on network-level or user-level optimization. How to realize personalized QoE improvement for networking video service has been widely considered as a fundamental technical challenge. To get over this dilemma, this work proposes a personalized QoE improvement scheme by fully taking advantage of the time-varying influences on users' QoE, including user-awareness, device-awareness and contextawareness. The highlights of this work lie in that, the proposed scheme realizes the personalization comprehensively considering all these three dimensions, meanwhile, it is so robust that can be applied to the application scenario where the observable users' data is not sufficient. Specifically, we firstly design a comprehensive data collection strategy and accurately classify these collected data. Then, an efficient deep learning (DL)-based model for personalized characteristics extraction is proposed to precisely characterize personalization with temporal, spatial and periodic correlations. Subsequently, to resolve the data sparsity issue, a federated learning (FL)-based architecture with privacy-protection is designed by securely exchanging encrypted parameters with other users. Importantly, we design an optimization scheme based on comprehensive MOS formula for personalized QoE improvement. Experimental results demonstrate that the proposed scheme has a significantly better performance on the personalized QoE improvement. © 1983-2012 IEEE.based on the research abstract, give me in simple terms but in a concise manner:

I) Does the work related to telecommunications or network services ?

II) Does the work focused on both Quality of Experience (QoE) and user privacy aspects ?

III) What is the use case or application ?

IV) What the technologies employed ?

V) Give me results and conclusions of this research

Vi) In a text manner, Please provide a summary of the abstract in simple terms, highlighting the contributions and technologies employed.",2020,27,yes,yes,yes,Yes,Personalized QoE Improvement for Networking Video Service,\citeauthor{10.1109/JSAC.2020.3000395} \cite{10.1109/JSAC.2020.3000395},Federated Learning,Objective Metrics and Subjective Metrics,Deep Learning ,Video Streaming,Different Contexts,Framework,Experiments and Simulations,Empirical,Keras,Quality of Experience (QoE) measurement and privacy preservation,"Data sparsity: The model's performance may be affected by insufficient observable user data.
Scalability: The approach needs further testing in large-scale environments with millions of users.
Federated learning constraints: The current implementation only exchanges context vectors, limiting the full potential of federated learning","Expanding parameter exchange in federated learning: The authors plan to extend the federated learning approach by incorporating additional parameters, such as gradients, to further enhance learning efficiency and representation accuracy.

Scaling to larger environments: The authors aim to apply the proposed scheme to large-scale video services with more than 5 million users and 20 million video contents, such as platforms like YouKu​",10.1109/JSAC.2020.3000395,video streaming services,deep learning ;  Mean Opinion Score (MOS)-based optimization scheme for improving QoE.," The research addresses the challenge of personalized QoE improvement for networking video services by integrating user-awareness, device-awareness, and context-awareness. It introduces a comprehensive data collection strategy and employs deep learning (DL) for personalized characteristics extraction. A federated learning (FL) approach ensures privacy while resolving data sparsity issues. ","The research demonstrates that the proposed personalized QoE improvement scheme significantly outperforms existing methods. It provides effective personalization in video streaming services, even in scenarios with limited user data, by incorporating temporal, spatial, and periodic correlations.

"
Zhong Y.; Li Z.; Liao L.,"With device-to-device (D2D) communication, user equipment can share data with each other without the involvement of network infrastructures. In order to maintain the Quality of Service (QoS) and Quality of Experience (QoE) for user applications in D2D communications, most existing schemes use proactive content caching that needs to predict content popularity before making caching decisions which may result in privacy leakage, since the information of users is collected to train a deep learning-based model to predict content popularity. Therefore, it is crucial to guarantee secure data collection in machine learning-based framework. In this paper, we propose a privacy-preserving D2D caching scheme with a passive content caching strategy based on node importance, which can deliver more efficient caching and prevent the potential leakage of user privacy. The scheme is based on softwaredefined networking (SDN), in which the controller is responsible for calculating node importance of devices according to the information of requests and encounters collected by SDN switches. Base station will decide which device can establish reliable and secure communication with content requester based on historical information. The simulation results show that the proposed strategy can outperform other D2D caching strategies in terms of cache hit rate and data rate.  © 2021 Yuqing Zhong et al.","Title: A Privacy-Preserving Caching Scheme for Device-to-Device Communications

Research Abstract: With device-to-device (D2D) communication, user equipment can share data with each other without the involvement of network infrastructures. In order to maintain the Quality of Service (QoS) and Quality of Experience (QoE) for user applications in D2D communications, most existing schemes use proactive content caching that needs to predict content popularity before making caching decisions which may result in privacy leakage, since the information of users is collected to train a deep learning-based model to predict content popularity. Therefore, it is crucial to guarantee secure data collection in machine learning-based framework. In this paper, we propose a privacy-preserving D2D caching scheme with a passive content caching strategy based on node importance, which can deliver more efficient caching and prevent the potential leakage of user privacy. The scheme is based on softwaredefined networking (SDN), in which the controller is responsible for calculating node importance of devices according to the information of requests and encounters collected by SDN switches. Base station will decide which device can establish reliable and secure communication with content requester based on historical information. The simulation results show that the proposed strategy can outperform other D2D caching strategies in terms of cache hit rate and data rate.  © 2021 Yuqing Zhong et al.based on the research abstract, give me in simple terms but in a concise manner:

I) Does the work related to telecommunications or network services ?

II) Does the work focused on both Quality of Experience (QoE) and user privacy aspects ?

III) What is the use case or application ?

IV) What the technologies employed ?

V) Give me results and conclusions of this research

Vi) In a text manner, Please provide a summary of the abstract in simple terms, highlighting the contributions and technologies employed.",2021,2,yes,yes,yes,Yes,A Privacy-Preserving Caching Scheme for Device-to-Device Communications,\citeauthor{10.1155/2021/6696149} \cite{10.1155/2021/6696149},Passive content caching,Objective Metrics,Deep Learning,Content Caching,5G,Framework,Experiment,Empirical,Not Provided,Quality of Experience (QoE) measurement and privacy preservation,Not Provided,Not Provided,10.1155/2021/6696149,D2D content caching in communication networks,Passive Content Caching,"Current caching methods often rely on predicting content popularity using deep learning models trained on user data, which can pose privacy risks. To address this, the authors propose a privacy-preserving caching scheme based on node importance, implemented within a software-defined networking (SDN) framework.

In their approach, the SDN controller calculates the importance of devices based on request and encounter information collected by SDN switches. This information helps decide which devices can establish secure communication with content requesters, ensuring reliable data delivery while protecting user privacy. ","The proposed scheme provides better cache hit rates and data rates than other existing caching strategies. The conclusion is that by basing caching decisions on node importance rather than content prediction, it improves performance while protecting user privacy."
Maale G.T.; Sun G.; Kuadey N.A.E.; Kwantwi T.; Ou R.; Liu G.,"Unmanned aerial vehicles (UAVs) have proven to be useful in a variety of applications, including aerial base station relay. UAVs can be used to relay network access from the air to user equipment (UE) on the ground. To improve the quality of experience (QoE) provided by UAVs, proactive content frequently requested by UEs can be cached to the UAVs. However, it is difficult to predict the chaotic and nonstationary patterns of mobile UEs because of the QoE requirements, the frequent location changes, the delays in content delivery, and scalability issues. Thus, this paper proposes a novel Deep Federated Echo State Learning (DeepFESL) content caching scheme to predict popular content requests and mobility patterns, using the context information of UEs, such as device type, location, and other behaviors on the device. The adverse effects of training models with such sensitive data make it inevitable to consider the privacy issues related to using such data. As a result, the proposed DeepFESL scheme employs a decentralized technique, federated learning to collaboratively train shared models on UEs' devices, where shared weights are aggregated at the control server. Popular contents are cached at the UAVs, where the UAVs form associations with the UEs in clusters based on predictions of the mobility patterns of the UEs. Experiment results show that our proposed DeepFESL scheme outperforms existing schemes in predicting popular UE contents and locations, increasing cache hit rate and cache utilization, reducing content transmission delays, and improving UEs' QoE. © 1967-2012 IEEE.","Title: DeepFESL: Deep Federated Echo State Learning-Based Proactive Content Caching in UAV-Assisted Networks

Research Abstract: Unmanned aerial vehicles (UAVs) have proven to be useful in a variety of applications, including aerial base station relay. UAVs can be used to relay network access from the air to user equipment (UE) on the ground. To improve the quality of experience (QoE) provided by UAVs, proactive content frequently requested by UEs can be cached to the UAVs. However, it is difficult to predict the chaotic and nonstationary patterns of mobile UEs because of the QoE requirements, the frequent location changes, the delays in content delivery, and scalability issues. Thus, this paper proposes a novel Deep Federated Echo State Learning (DeepFESL) content caching scheme to predict popular content requests and mobility patterns, using the context information of UEs, such as device type, location, and other behaviors on the device. The adverse effects of training models with such sensitive data make it inevitable to consider the privacy issues related to using such data. As a result, the proposed DeepFESL scheme employs a decentralized technique, federated learning to collaboratively train shared models on UEs' devices, where shared weights are aggregated at the control server. Popular contents are cached at the UAVs, where the UAVs form associations with the UEs in clusters based on predictions of the mobility patterns of the UEs. Experiment results show that our proposed DeepFESL scheme outperforms existing schemes in predicting popular UE contents and locations, increasing cache hit rate and cache utilization, reducing content transmission delays, and improving UEs' QoE. © 1967-2012 IEEE.based on the research abstract, give me in simple terms but in a concise manner:

I) Does the work related to telecommunications or network services ?

II) Does the work focused on both Quality of Experience (QoE) and user privacy aspects ?

III) What is the use case or application ?

IV) What the technologies employed ?

V) Give me results and conclusions of this research

Vi) In a text manner, Please provide a summary of the abstract in simple terms, highlighting the contributions and technologies employed.",2023,4,yes,yes,yes,Yes,DeepFESL: Deep Federated Echo State Learning-Based Proactive Content Caching in UAV-Assisted Networks,\citeauthor{10.1109/TVT.2023.3268541} \cite{10.1109/TVT.2023.3268541},Federated Learning,Objective Metrics and Subjective Metrics,Deep Federated Echo State Learning,Content Caching,B5G and 6G,Method,Simulation,Empirical,TensorFlow,Quality of Experience (QoE) measurement and privacy preservation,"The DeepFESL scheme requires a large number of users (clients) to fully capture the temporal dynamics and non-linear patterns in user behavior, resulting in poor performance when fewer clients are involved","Future work aims to explore hyperparameter tuning of reservoir layers for performance improvement with fewer clients. Additionally, the authors plan to study joint trajectory optimization for UAVs and UEs and investigate the effects of model poisoning and network congestion on Federated Learning training​",10.1109/TVT.2023.3268541,proactive content caching in UAV-assisted networks,Deep Federated Echo State Learning (DeepFESL),"The research paper proposes a new method called DeepFESL for improving the quality of experience for mobile users. This method uses unmanned aerial vehicles (UAVs) to cache popular content, but it's hard to predict what users want because they move around and their needs change often. To solve this problem, the authors use artificial intelligence and machine learning techniques to analyze user behavior, like device type and location. They also use a secure way of sharing data among devices called ""federated learning"" to protect users' privacy. ","The results show that DeepFESL outperforms existing schemes by more accurately predicting popular content and user locations, leading to higher cache hit rates, better cache utilization, reduced content transmission delays, and improved QoE for users. The decentralized federated learning approach also effectively addresses privacy concerns."
Robitza W.; Dethof A.M.; Goring S.; Raake A.; Beyer A.; Polzehl T.,"As video streaming accounts for the majority of Internet traffic, monitoring its quality is of importance to both Over the Top (OTT) providers as well as Internet Service Providers (ISPs). While OTTs have access to their own analytics data with detailed information, ISPs often have to rely on automated network probes for estimating streaming quality, and likewise, academic researchers have no information on actual customer behavior. In this paper, we present first results from a large-scale crowdsourcing study in which three major video streaming OTTs were compared across five major national ISPs in Germany. We not only look at streaming performance in terms of loading times and stalling, but also customer behavior (e.g., user engagement) and Quality of Experience based on the ITU-T P.1203 QoE model. We used a browser extension to evaluate the streaming quality and to passively collect anonymous OTT usage information based on explicit user consent. Our data comprises over 400,000 video playbacks from more than 2,000 users, collected throughout the entire year of 2019. The results show differences in how customers use the video services, how the content is watched, how the network influences video streaming QoE, and how user engagement varies by service. Hence, the crowdsourcing paradigm is a viable approach for third parties to obtain streaming QoE insights from OTTs. © 2020 IEEE.","Title: Are You Still Watching? Streaming Video Quality and Engagement Assessment in the Crowd

Research Abstract: As video streaming accounts for the majority of Internet traffic, monitoring its quality is of importance to both Over the Top (OTT) providers as well as Internet Service Providers (ISPs). While OTTs have access to their own analytics data with detailed information, ISPs often have to rely on automated network probes for estimating streaming quality, and likewise, academic researchers have no information on actual customer behavior. In this paper, we present first results from a large-scale crowdsourcing study in which three major video streaming OTTs were compared across five major national ISPs in Germany. We not only look at streaming performance in terms of loading times and stalling, but also customer behavior (e.g., user engagement) and Quality of Experience based on the ITU-T P.1203 QoE model. We used a browser extension to evaluate the streaming quality and to passively collect anonymous OTT usage information based on explicit user consent. Our data comprises over 400,000 video playbacks from more than 2,000 users, collected throughout the entire year of 2019. The results show differences in how customers use the video services, how the content is watched, how the network influences video streaming QoE, and how user engagement varies by service. Hence, the crowdsourcing paradigm is a viable approach for third parties to obtain streaming QoE insights from OTTs. © 2020 IEEE.based on the research abstract, give me in simple terms but in a concise manner:

I) Does the work related to telecommunications or network services ?

II) Does the work focused on both Quality of Experience (QoE) and user privacy aspects ?

III) What is the use case or application ?

IV) What the technologies employed ?

V) Give me results and conclusions of this research

Vi) In a text manner, Please provide a summary of the abstract in simple terms, highlighting the contributions and technologies employed.",2020,15,yes,yes,yes,Yes,Are You Still Watching? Streaming Video Quality and Engagement Assessment in the Crowd,\citeauthor{10.1109/QoMEX48832.2020.9123148} \cite{10.1109/QoMEX48832.2020.9123148},Anonymization,Objective Metrics and Subjective Metrics,Crowdsourcing,Video Streaming,ISP Networks,Method,Experiment,Empirical,Not Provided,Quality of Experience (QoE) measurement and user engagement ,"The study does not cover mobile platforms, as native mobile apps do not allow for passive data collection.
The number of stalling events was low, limiting the insights into severe quality issues.
The use of ITU-T P.1203 is limited to videos of up to 5 minutes, which may not fully capture long-form content QoE​","Investigating why users abort videos (e.g., boredom or technical issues).
Extending current QoE models to handle longer sessions.
Predicting user engagement over longer videos",10.1109/QoMEX48832.2020.9123148,evaluating the performance of video streaming services and understanding how network quality affects user engagement and QoE across different Internet Service Providers (ISPs) and Over-the-Top (OTT) platforms in Germany,ITU-T P.1203 QoE model is used for assessing Quality of Experience.,"This research assesses video streaming quality and user engagement by crowdsourcing data from more than 2,000 users who streamed over 400,000 videos in 2019. The study compares how different Internet providers and streaming services impact loading times, interruptions, and overall user experience. It uses a browser extension to collect anonymous information on streaming performance and user behavior, highlighting the differences in how users engage with different services. ","The research shows significant differences in how video services are used, how networks impact QoE, and how user engagement varies between OTT platforms. It demonstrates that crowdsourcing is an effective method for third parties to gain insights into video streaming QoE, even without direct access to OTT analytics.

"
Guo W.; Jin B.; Sun S.C.; Wu Y.; Qi W.; Zhang J.,"In wireless networks, consumer experience is important for both short monitoring of the Quality of Experience (QoE) as well as long term customer retainment. Current 4G and 5G networks are not equipped to measure QoE in an automated way, and experience is still reported through traditional customer care and drive-testing. In recent years, large-scale social media analytics has enabled researchers to gather statistically significant data on consumer experience and correlate them to major events such as social celebrations or significant network outages. However, the translational pathway from languages to topic-specific emotions (e.g., sentiment) to detecting anomalies in QoE is challenging. This challenge lies in two issues: (1) the social experience data remains sparsely distributed across space, and (2) anomalies in experience jump across sub-topic spaces (e.g., from data rate to signal strength). Here, we solved these two challenges by examining the spectral space of experience across topics using federated learning (FL) to identify anomalies. This can inform telecom operators to pay attention to potential network demand or supply issues in real time using relatively sparse and distributed data. We use real social media data curated for our telecommunication projects across London and the United Kingdom to demonstrate our results. FL was able to achieve 74-92% QoE anomaly detection accuracy, with the benefit of 30-45% reduce data transfer and preserving privacy better than raw data transfer.  © 2023 IEEE.","Title: Federated Learning of Wireless Network Experience Anomalies Using Consumer Sentiment

Research Abstract: In wireless networks, consumer experience is important for both short monitoring of the Quality of Experience (QoE) as well as long term customer retainment. Current 4G and 5G networks are not equipped to measure QoE in an automated way, and experience is still reported through traditional customer care and drive-testing. In recent years, large-scale social media analytics has enabled researchers to gather statistically significant data on consumer experience and correlate them to major events such as social celebrations or significant network outages. However, the translational pathway from languages to topic-specific emotions (e.g., sentiment) to detecting anomalies in QoE is challenging. This challenge lies in two issues: (1) the social experience data remains sparsely distributed across space, and (2) anomalies in experience jump across sub-topic spaces (e.g., from data rate to signal strength). Here, we solved these two challenges by examining the spectral space of experience across topics using federated learning (FL) to identify anomalies. This can inform telecom operators to pay attention to potential network demand or supply issues in real time using relatively sparse and distributed data. We use real social media data curated for our telecommunication projects across London and the United Kingdom to demonstrate our results. FL was able to achieve 74-92% QoE anomaly detection accuracy, with the benefit of 30-45% reduce data transfer and preserving privacy better than raw data transfer.  © 2023 IEEE.based on the research abstract, give me in simple terms but in a concise manner:

I) Does the work related to telecommunications or network services ?

II) Does the work focused on both Quality of Experience (QoE) and user privacy aspects ?

III) What is the use case or application ?

IV) What the technologies employed ?

V) Give me results and conclusions of this research

Vi) In a text manner, Please provide a summary of the abstract in simple terms, highlighting the contributions and technologies employed.",2023,2,yes,yes,yes,Yes,Federated Learning of Wireless Network Experience Anomalies Using Consumer Sentiment,\citeauthor{10.1109/ICAIIC57133.2023.10067061} \cite{10.1109/ICAIIC57133.2023.10067061},Federated Learning,Objective Metrics,CNN and RNN,Anomaly Detection,4G and 5G,Model,Experiment,Empirical,Keras,Quality of Experience (QoE) measurement and privacy preservation,"The study acknowledges that the accuracy of FL is lower compared to centralized learning (74-92% vs. 99-100%), though it compensates with significant data transfer reductions and better privacy.","Future directions include enhancing QoE definitions beyond simple positive/negative scales, exploring more detailed application/service-specific slices, and integrating affective computing with sentiment analysis to improve network management​",10.1109/ICAIIC57133.2023.10067061,detecting anomalies in wireless network performance (QoE) by analyzing consumer sentiment data from social media,Social media analytics and natural language processing (NLP) ,"This research focuses on improving the detection of network issues in 4G and 5G networks by analyzing customer sentiment from social media posts. Instead of relying on traditional methods like customer care reports or drive tests, the researchers use federated learning (FL) to analyze consumer feedback without collecting personal data centrally. FL processes the data across different locations, which improves privacy and reduces the amount of data transferred. ","The study achieved 74-92% accuracy in detecting QoE anomalies using federated learning, with a 30-45% reduction in data transfer compared to traditional methods. The approach preserves user privacy better than raw data transfer and helps telecom operators identify network issues in real time by analyzing sparse social media data.

"
Md. Fadlullah Z.; Kato N.,"A heterogeneous computing architecture is essential to facilitate intelligent network traffic control for a joint computation, communication, and collaborative caching optimization in 6G networks to provide stringent Quality of Experience (QoE) guarantees. In this paper, we consider a 6G integrated aerial-terrestrial network model where Unmanned Aerial Vehicles (UAVs) and terrestrial Remote Radio Heads (RRHs) jointly serve as heterogeneous Base Stations (hgNBs) of a Cloud Radio Access Network (HCRAN) serving different mobile user (UE) types. We propose a distributed heterogeneous computing platform (HCP) across the UAVs and terrestrial Base Stations (BSs) by utilizing their caching and cooperative communication capabilities. In order to preserve the privacy of the content of the UEs, we propose a 2-stage federated learning algorithm among the UEs, UAVs/BSs, and HCP to collaboratively predict the content caching placement by jointly considering traffic distribution, UE mobility and localized content popularity. An asynchronous weight updating method is adopted to avoid redundant learning transfer in the federated learning. Once the global model is learnt by the HCP, it transfers the learned model to the UEs to facilitate the much desired edge intelligence in the considered 6G tiny cell. The effectiveness of the proposal is evaluated by extensive numerical analysis.  © 2013 IEEE.","Title: HCP: Heterogeneous Computing Platform for Federated Learning Based Collaborative Content Caching Towards 6G Networks

Research Abstract: A heterogeneous computing architecture is essential to facilitate intelligent network traffic control for a joint computation, communication, and collaborative caching optimization in 6G networks to provide stringent Quality of Experience (QoE) guarantees. In this paper, we consider a 6G integrated aerial-terrestrial network model where Unmanned Aerial Vehicles (UAVs) and terrestrial Remote Radio Heads (RRHs) jointly serve as heterogeneous Base Stations (hgNBs) of a Cloud Radio Access Network (HCRAN) serving different mobile user (UE) types. We propose a distributed heterogeneous computing platform (HCP) across the UAVs and terrestrial Base Stations (BSs) by utilizing their caching and cooperative communication capabilities. In order to preserve the privacy of the content of the UEs, we propose a 2-stage federated learning algorithm among the UEs, UAVs/BSs, and HCP to collaboratively predict the content caching placement by jointly considering traffic distribution, UE mobility and localized content popularity. An asynchronous weight updating method is adopted to avoid redundant learning transfer in the federated learning. Once the global model is learnt by the HCP, it transfers the learned model to the UEs to facilitate the much desired edge intelligence in the considered 6G tiny cell. The effectiveness of the proposal is evaluated by extensive numerical analysis.  © 2013 IEEE.based on the research abstract, give me in simple terms but in a concise manner:

I) Does the work related to telecommunications or network services ?

II) Does the work focused on both Quality of Experience (QoE) and user privacy aspects ?

III) What is the use case or application ?

IV) What the technologies employed ?

V) Give me results and conclusions of this research

Vi) In a text manner, Please provide a summary of the abstract in simple terms, highlighting the contributions and technologies employed.",2022,74,yes,yes,yes,Yes,HCP: Heterogeneous Computing Platform for Federated Learning Based Collaborative Content Caching Towards 6G Networks,\citeauthor{10.1109/TETC.2020.2986238} \cite{10.1109/TETC.2020.2986238},Federated Learning,Objective Metrics and Subjective Metrics,CNN,Content Caching,B5G and 6G,Framework,Simulation,Empirical,TensorFlow,Quality of Experience (QoE) measurement and privacy preservation,"The paper does not address the detailed energy consumption of UAVs and edge nodes over extended periods, and it lacks empirical field tests with real-world data, relying on simulated environments","Future research will explore more energy-efficient solutions for UAVs and address multi-tier caching architectures in larger network environments with more diverse datasets, including more types of user behavior and content​",10.1109/TETC.2020.2986238,"optimizing content caching in 6G networks, particularly for Unmanned Aerial Vehicles (UAVs) and terrestrial base stations ", Remote Radio Heads (RRHs) and Cloud Radio Access Networks (HCRAN),"This research proposes a computing system for 6G networks that helps manage network traffic more intelligently. It involves UAVs and terrestrial base stations working together to store and share data efficiently. To ensure that user data remains private, the study uses a method called federated learning, which allows devices to learn from data without sharing the actual information. The system also adapts to the movement of users and changing content demand to improve service quality. ","The research shows that the proposed Heterogeneous Computing Platform (HCP) combined with a two-stage Federated Learning algorithm can effectively optimize collaborative content caching in 6G networks. This setup improves network efficiency, supports edge intelligence, and enhances QoE while protecting user privacy. The effectiveness is demonstrated through extensive numerical analysis.

"
Porcu S.; Floris A.; Atzori L.,"The Federated Learning (FL) approach can be exploited to build a solution to data sparsity and privacy protection issues (e.g., utilization of user-sensitive data) in Quality of Experience (QoE) modelling. In this paper, we investigate whether it is possible to obtain improvements in FL-based inference by grouping data sources to build separate inference systems. To this, we adopted an experimental based approach: firstly, we identified different clusters of users, from a public QoE dataset, based on user-related QoE influence factors and the distributions of the quality rating scores provided by the users; secondly, we developed a Cluster-Based FL QoE pre-dictor and conducted experimental tests to compare the QoE prediction performance with that obtained by a centralised learning approach and a standard FL approach. The obtained results show that the proposed approach achieved the best QoE prediction performance (in terms of accuracy, precision, recall, and F1-Score), followed respectively by the standard FL and the centralised approach.  © 2022 IEEE.","Title: CB-FL: Cluster-Based Federated Learning applied to Quality of Experience modelling

Research Abstract: The Federated Learning (FL) approach can be exploited to build a solution to data sparsity and privacy protection issues (e.g., utilization of user-sensitive data) in Quality of Experience (QoE) modelling. In this paper, we investigate whether it is possible to obtain improvements in FL-based inference by grouping data sources to build separate inference systems. To this, we adopted an experimental based approach: firstly, we identified different clusters of users, from a public QoE dataset, based on user-related QoE influence factors and the distributions of the quality rating scores provided by the users; secondly, we developed a Cluster-Based FL QoE pre-dictor and conducted experimental tests to compare the QoE prediction performance with that obtained by a centralised learning approach and a standard FL approach. The obtained results show that the proposed approach achieved the best QoE prediction performance (in terms of accuracy, precision, recall, and F1-Score), followed respectively by the standard FL and the centralised approach.  © 2022 IEEE.based on the research abstract, give me in simple terms but in a concise manner:

I) Does the work related to telecommunications or network services ?

II) Does the work focused on both Quality of Experience (QoE) and user privacy aspects ?

III) What is the use case or application ?

IV) What the technologies employed ?

V) Give me results and conclusions of this research

Vi) In a text manner, Please provide a summary of the abstract in simple terms, highlighting the contributions and technologies employed.",2022,3,yes,yes,yes,Yes,CB-FL: Cluster-Based Federated Learning applied to Quality of Experience modelling,\citeauthor{10.1109/SITIS57111.2022.00093} \cite{10.1109/SITIS57111.2022.00093},Federated Learning,Subjective Metrics,Clustering Techniques,QoE Forecasting,Different Contexts,Framework,Experiment,Empirical,PyTorch and Flower ,Quality of Experience (QoE) measurement and privacy preservation,"The study was conducted on a single dataset due to the lack of publicly available datasets with suitable characteristics for this type of research. As a result, further validation on diverse datasets is needed",The authors plan to test the CB-FL approach on additional datasets to improve the results and validate the findings.,10.1109/SITIS57111.2022.00093,predicting Quality of Experience (QoE),,"This research aims to improve the prediction of user satisfaction (QoE) in network services while protecting user privacy. By using Federated Learning (FL), the data remains decentralized, which helps maintain privacy. The study further improves prediction accuracy by grouping users into clusters based on common factors that affect their QoE.","The research concludes that the Cluster-Based Federated Learning (CB-FL) approach outperforms both centralized learning and standard Federated Learning in QoE prediction accuracy. It shows superior performance in terms of key metrics like accuracy, precision, recall, and F1-Score, making it the most effective method tested."
Feng Y.; Qi Y.; Li H.; Wang X.; Tian J.,"To enable large-scale and efficient deployment of artificial intelligence (AI), the combination of AI and edge computing has spawned Edge Intelligence, which leverages the computing and communication capabilities of end devices and edge servers to process data closer to where it is generated. A key technology for edge intelligence is the privacy-protecting machine learning paradigm known as Federated Learning (FL), which enables data owners to train models without having to transfer raw data to third-party servers. However, FL networks are expected to involve thousands of heterogeneous distributed devices. As a result, communication efficiency remains a key bottleneck. To reduce node failures and device exits, a Hierarchical Federated Learning (HFL) framework is proposed, where a designated cluster leader supports the data owner through intermediate model aggregation. Therefore, based on the improvement of edge server resource utilization, this paper can effectively make up for the limitation of cache capacity. In order to mitigate the impact of soft clicks on the quality of user experience (QoE), the authors model the user QoE as a comprehensive system cost. To solve the formulaic problem, the authors propose a decentralized caching algorithm with federated deep reinforcement learning (DRL) and federated learning (FL), where multiple agents learn and make decisions independently. © 2024 SPIE.","Title: Leveraging federated learning and edge computing for recommendation systems within cloud computing networks

Research Abstract: To enable large-scale and efficient deployment of artificial intelligence (AI), the combination of AI and edge computing has spawned Edge Intelligence, which leverages the computing and communication capabilities of end devices and edge servers to process data closer to where it is generated. A key technology for edge intelligence is the privacy-protecting machine learning paradigm known as Federated Learning (FL), which enables data owners to train models without having to transfer raw data to third-party servers. However, FL networks are expected to involve thousands of heterogeneous distributed devices. As a result, communication efficiency remains a key bottleneck. To reduce node failures and device exits, a Hierarchical Federated Learning (HFL) framework is proposed, where a designated cluster leader supports the data owner through intermediate model aggregation. Therefore, based on the improvement of edge server resource utilization, this paper can effectively make up for the limitation of cache capacity. In order to mitigate the impact of soft clicks on the quality of user experience (QoE), the authors model the user QoE as a comprehensive system cost. To solve the formulaic problem, the authors propose a decentralized caching algorithm with federated deep reinforcement learning (DRL) and federated learning (FL), where multiple agents learn and make decisions independently. © 2024 SPIE.based on the research abstract, give me in simple terms but in a concise manner:

I) Does the work related to telecommunications or network services ?

II) Does the work focused on both Quality of Experience (QoE) and user privacy aspects ?

III) What is the use case or application ?

IV) What the technologies employed ?

V) Give me results and conclusions of this research

Vi) In a text manner, Please provide a summary of the abstract in simple terms, highlighting the contributions and technologies employed.",2024,0,yes,yes,yes,Yes,Leveraging federated learning and edge computing for recommendation systems within cloud computing networks,\citeauthor{10.1117/12.3034773} \cite{10.1117/12.3034773},Federated Learning,Objective Metrics,Cloud Computing,Cloud computing,5G,Framework,Experiment,Empirical,Not Provided,Quality of Experience (QoE) measurement and privacy preservation,"High computational and communication costs for implementing privacy-preserving algorithms on edge devices.
The need for efficient technology integration and balancing privacy with computational overhead.","Optimizing privacy-preserving algorithms for efficiency and lightweight implementation on edge devices.
Exploring new privacy techniques and developing frameworks adaptable to different regulatory environments.",10.1117/12.3034773,recommendation systems within cloud computing networks,Deep reinforcement learning,"This research combines Edge Computing and Federated Learning (FL) to create efficient and privacy-protecting recommendation systems for cloud networks. Instead of sending data to central servers, devices can train AI models locally. A Hierarchical Federated Learning (HFL) framework is proposed to reduce communication bottlenecks by having a ""leader"" handle some of the data processing.","The research concludes that by using Hierarchical Federated Learning (HFL) and a decentralized caching algorithm based on Federated DRL, it is possible to improve edge server resource utilization and mitigate the limitations of cache capacity in cloud networks. The approach enhances user QoE by optimizing recommendation systems and supports privacy-preserving data processing across distributed devices.

"
Li Y.; Wan Z.,"In recent years, the number of smart devices has exploded, leading to an unprecedented increase in demand for video live and video-on-demand (VoD) services. Also, the privacy of video providers and requesters and the security of requested video data are much more threatened. In order to solve these issues, in this paper, a blockchain-enabled CMEC video transmission model (Bl-CMEC) for intelligent video caching and transcoding will be proposed to ensure the transactions' transparency, system security, user information privacy, and integrity of the video data, enhance the ability of severs in actively caching popular video content in the CMEC system, and realize transcoding function at network edge nodes. Furthermore, we chose a scheme based on deep reinforcement learning (DRL) to intelligently access the intracluster joint caching and transcoding decisions. Then, the joint video caching and transcoding decision smart contract is specially designed to automatically manage the transaction process of the joint caching and transcoding service, which records key information of joint caching and transcoding transactions and payment information on a continuous blockchain. The simulation results demonstrate that the proposed Bl-CMEC framework not only can provide users with better QoE performance for video streaming service but also can ensure the security, integrity, and consistency for the video providers, video requesters, and video data.  © 2021 Yan Li and Zheng Wan.","Title: Blockchain-Enabled Intelligent Video Caching and Transcoding in Clustered MEC Networks

Research Abstract: In recent years, the number of smart devices has exploded, leading to an unprecedented increase in demand for video live and video-on-demand (VoD) services. Also, the privacy of video providers and requesters and the security of requested video data are much more threatened. In order to solve these issues, in this paper, a blockchain-enabled CMEC video transmission model (Bl-CMEC) for intelligent video caching and transcoding will be proposed to ensure the transactions' transparency, system security, user information privacy, and integrity of the video data, enhance the ability of severs in actively caching popular video content in the CMEC system, and realize transcoding function at network edge nodes. Furthermore, we chose a scheme based on deep reinforcement learning (DRL) to intelligently access the intracluster joint caching and transcoding decisions. Then, the joint video caching and transcoding decision smart contract is specially designed to automatically manage the transaction process of the joint caching and transcoding service, which records key information of joint caching and transcoding transactions and payment information on a continuous blockchain. The simulation results demonstrate that the proposed Bl-CMEC framework not only can provide users with better QoE performance for video streaming service but also can ensure the security, integrity, and consistency for the video providers, video requesters, and video data.  © 2021 Yan Li and Zheng Wan.based on the research abstract, give me in simple terms but in a concise manner:

I) Does the work related to telecommunications or network services ?

II) Does the work focused on both Quality of Experience (QoE) and user privacy aspects ?

III) What is the use case or application ?

IV) What the technologies employed ?

V) Give me results and conclusions of this research

Vi) In a text manner, Please provide a summary of the abstract in simple terms, highlighting the contributions and technologies employed.",2021,4,yes,yes,yes,Yes,Blockchain-Enabled Intelligent Video Caching and Transcoding in Clustered MEC Networks,\citeauthor{10.1155/2021/7443260} \cite{10.1155/2021/7443260},Blockchain,Objective Metrics,Blockchain,Video Caching,B5G and 6G,Framework,Simulation,Empirical,Truffle and Ganache ,Quality of Experience (QoE) measurement and privacy preservation,"One limitation mentioned is the delay caused by the blockchain's consensus mechanism, which can slightly affect the QoE of video streaming","The authors suggest exploring the federated mode of deep reinforcement learning for video caching and transcoding, as well as more efficient consensus algorithms to optimize performance in video transmission scenarios",10.1155/2021/7443260,Clustered MEC (CMEC) systems,deep reinforcement learning,"This research presents a solution to improve video streaming services in mobile networks, using blockchain to ensure that transactions are secure, transparent, and private. The system caches and processes popular videos at the network edge to reduce delays. To make this process smarter, the system uses artificial intelligence (deep reinforcement learning) to decide the best way to cache and transcode videos. Smart contracts automate the management of these processes, recording important information securely on a blockchain. Simulations show that this approach improves video quality for users and enhances security for everyone involved.","The simulation results demonstrate that the proposed Blockchain-enabled CMEC framework significantly improves the Quality of Experience (QoE) for users by efficiently managing video caching and transcoding. It also ensures the security, integrity, and consistency of video data for both providers and requesters, making the system more reliable and secure.
"
Zhao P.; Li C.; Fu Y.; Hui Y.; Zhang Y.; Cheng N.,"The rapid growth of connected and autonomous vehicles (CAVs) shows an urgent demand for driving and transportation-related data, which gives rise to vehicular crowdsensing systems (VCSs). Nevertheless, the existing centralized VCS framework mainly faces the system reliability problem while the decentralized one cannot satisfy the management flexibility. In addition, when the privacy preservation scheme that prevents information leakage encounters the user selection scheme that desires detailed information of participants, how to balance this seemingly irreconcilable contradiction is inevitable for VCS. To remedy that, we take the first research attempt and explore the balance point between the system management, privacy preservation, and quality of experience (QoE) of participants. By fully exploiting the characters of participating entities, a blockchain-enabled conditional decentralized VCS is proposed in this paper. Firstly, we propose a privacy-preserving scheme where the zk-SNARK proof combines with the mixed-task smart contract to guarantee the interaction process will not reveal any private information of participants. Secondly, we propose an efficient reputation management mechanism that renders certain the participants can get a satisfactory QoE even under the condition that the private information of users is secured. And also, the malicious operations in the system will be effectively supervised. Theoretical analysis and extensive simulations demonstrate the security and efficiency properties of privacy preservation and indicate the effectiveness of reputation management.  © 2000-2011 IEEE.","Title: Blockchain-Enabled Conditional Decentralized Vehicular Crowdsensing System

Research Abstract: The rapid growth of connected and autonomous vehicles (CAVs) shows an urgent demand for driving and transportation-related data, which gives rise to vehicular crowdsensing systems (VCSs). Nevertheless, the existing centralized VCS framework mainly faces the system reliability problem while the decentralized one cannot satisfy the management flexibility. In addition, when the privacy preservation scheme that prevents information leakage encounters the user selection scheme that desires detailed information of participants, how to balance this seemingly irreconcilable contradiction is inevitable for VCS. To remedy that, we take the first research attempt and explore the balance point between the system management, privacy preservation, and quality of experience (QoE) of participants. By fully exploiting the characters of participating entities, a blockchain-enabled conditional decentralized VCS is proposed in this paper. Firstly, we propose a privacy-preserving scheme where the zk-SNARK proof combines with the mixed-task smart contract to guarantee the interaction process will not reveal any private information of participants. Secondly, we propose an efficient reputation management mechanism that renders certain the participants can get a satisfactory QoE even under the condition that the private information of users is secured. And also, the malicious operations in the system will be effectively supervised. Theoretical analysis and extensive simulations demonstrate the security and efficiency properties of privacy preservation and indicate the effectiveness of reputation management.  © 2000-2011 IEEE.based on the research abstract, give me in simple terms but in a concise manner:

I) Does the work related to telecommunications or network services ?

II) Does the work focused on both Quality of Experience (QoE) and user privacy aspects ?

III) What is the use case or application ?

IV) What the technologies employed ?

V) Give me results and conclusions of this research

Vi) In a text manner, Please provide a summary of the abstract in simple terms, highlighting the contributions and technologies employed.",2022,10,yes,yes,yes,Yes,Blockchain-Enabled Conditional Decentralized Vehicular Crowdsensing System,\citeauthor{10.1109/TITS.2022.3166216} \cite{10.1109/TITS.2022.3166216},Blockchain,Not Provided,Blockchain,Vehicular Crowdsensing ,B5G and 6G,Framework,Simulation,Empirical,MIRACL library 5.6.1,Quality of Experience (QoE) measurement and privacy preservation,"The study recognizes that the completely decentralized framework might lack flexibility in managing malicious behaviors, which led to the inclusion of a trusted third-party authority (TTA) to balance management and decentralization.","The authors suggest further enhancing the system’s ability to handle more complex scenarios, possibly expanding to include more diverse attack vectors and refining the balance between decentralization and management flexibility.",10.1109/TITS.2022.3166216,vehicular crowdsensing system,zk-SNARK proof,"This research introduces a blockchain-enabled decentralized vehicular crowdsensing system (VCS) that addresses the challenges of balancing privacy, system management, and user experience in connected and autonomous vehicles. The proposed system uses zk-SNARKs and smart contracts to preserve user privacy while allowing secure interactions. Additionally, a reputation management mechanism ensures participants have a positive experience, even when their private data is protected, and the system can monitor and prevent malicious activities.","The research demonstrates that the proposed blockchain-enabled conditional decentralized VCS effectively balances privacy preservation and user experience. The system allows for secure data interactions without revealing private information, provides satisfactory QoE for participants, and supervises malicious activities. Simulations show that the system is secure and efficient in managing data and ensuring participant trust."
Nguyen M.-D.; Tong V.; Souihi S.; Mellouk A.,"In the past, Quality of Service (QoS) was taken into account to evaluate the performance of multimedia services (e.g., video streaming, file transfer, etc.). However, it cannot reflect the user's perception, which is considered a crucial consideration by these services nowadays. Therefore, the emergence of Quality of Experience (QoE) is a potential solution. QoE can be measured via many parameters provided by Internet Service Providers (ISP), Application Service Providers (ASP), or end-users. However, privacy concerns hinder data sharing between the parties involved. To address these limitations, this paper proposes a QoE estimation mechanism that leverages Federated Learning. This mechanism aims to guarantee data privacy when no party needs to disclose their data to others. Moreover, the proposed mechanism incorporates the concept of a Decentralized Autonomous Organization (DAO) to mitigate the risk of a single point of failure in the centralized architecture of Federated Learning. It enables all participants to evaluate and select the model efficiently. The experimental results illustrate that the proposal surpasses the centralized solutions and guarantees data privacy. © 2023 IEEE.","Title: Fully-Decentralized Federated Learning for QoE Estimation

Research Abstract: In the past, Quality of Service (QoS) was taken into account to evaluate the performance of multimedia services (e.g., video streaming, file transfer, etc.). However, it cannot reflect the user's perception, which is considered a crucial consideration by these services nowadays. Therefore, the emergence of Quality of Experience (QoE) is a potential solution. QoE can be measured via many parameters provided by Internet Service Providers (ISP), Application Service Providers (ASP), or end-users. However, privacy concerns hinder data sharing between the parties involved. To address these limitations, this paper proposes a QoE estimation mechanism that leverages Federated Learning. This mechanism aims to guarantee data privacy when no party needs to disclose their data to others. Moreover, the proposed mechanism incorporates the concept of a Decentralized Autonomous Organization (DAO) to mitigate the risk of a single point of failure in the centralized architecture of Federated Learning. It enables all participants to evaluate and select the model efficiently. The experimental results illustrate that the proposal surpasses the centralized solutions and guarantees data privacy. © 2023 IEEE.based on the research abstract, give me in simple terms but in a concise manner:

I) Does the work related to telecommunications or network services ?

II) Does the work focused on both Quality of Experience (QoE) and user privacy aspects ?

III) What is the use case or application ?

IV) What the technologies employed ?

V) Give me results and conclusions of this research

Vi) In a text manner, Please provide a summary of the abstract in simple terms, highlighting the contributions and technologies employed.",2023,0,yes,yes,yes,Yes,Fully-Decentralized Federated Learning for QoE Estimation,\citeauthor{10.1109/GLOBECOM54140.2023.10437914} \cite{10.1109/GLOBECOM54140.2023.10437914},Federated Learning,Objective Metrics and Subjective Metrics,Blockchain,QoE Forecasting,Different Contexts,Framework,Experiment,Empirical,Not Provided,Quality of Experience (QoE) measurement and privacy preservation,"The limitations include the performance of certain deep learning models (e.g., GRU and Bidirectional LSTM) in comparison to LSTM. The study also notes the complexity of blockchain implementation and the challenges in balancing the cost and efficiency of model updates​","The authors plan to test other aggregation algorithms to improve the performance of federated learning.
They also aim to evaluate the proposed framework on different datasets to assess its broader applicability​",10.1109/GLOBECOM54140.2023.10437914,"Quality of Experience (QoE) estimation for multimedia services such as video streaming, file transfer, etc",Decentralized Autonomous Organizations,"This research proposes a decentralized approach to estimate Quality of Experience (QoE) for multimedia services like video streaming, focusing on protecting user privacy. By using Federated Learning, the method ensures that no data needs to be shared between Internet Service Providers, Application Service Providers, or end-users. Furthermore, the inclusion of a Decentralized Autonomous Organization (DAO) addresses the risk of a single point of failure, making the system more resilient. ","The proposed mechanism outperforms centralized solutions by ensuring better QoE estimation while maintaining data privacy. It also provides more reliability through decentralization, reducing the risks associated with centralized architectures."
Ickin S.; Vandikas K.; Moradi F.; Taghia J.; Hu W.,"Quality of Experience (QoE) models need good generalization that necessitates sufficient amount of user-labeled datasets associated with measurements related to underlying QoE factors. However, obtaining QoE datasets is often costly, since they are preferably collected from many subjects with diverse background, and eventually dataset sizes and representations are limited. Models can be improved by sharing and merging those collected local datasets, however regulations such as GDPR make data sharing difficult, as those local user datasets might contain sensitive information about the subjects. A privacy-preserving machine learning approach such as Federated Learning (FL) is a potential candidate that enables sharing of QoE data models between collaborators without exposing ground truth, but only by means of sharing the securely aggregated form of extracted model parameters. While FL can enable a seamless QoE model management, if collaborators do not have the same level of data quality, more iterations of information sharing over a communication channel might be necessary for models to reach an acceptable accuracy. In this paper, we present an ensemble based Bayesian synthetic data generation method for FL, LOO (Leave-One-Out), which reduces the training time by 30% and the network footprint in the communication channel by 60%. © 2020 IEEE.","Title: Ensemble-based synthetic data synthesis for federated QoE modeling

Research Abstract: Quality of Experience (QoE) models need good generalization that necessitates sufficient amount of user-labeled datasets associated with measurements related to underlying QoE factors. However, obtaining QoE datasets is often costly, since they are preferably collected from many subjects with diverse background, and eventually dataset sizes and representations are limited. Models can be improved by sharing and merging those collected local datasets, however regulations such as GDPR make data sharing difficult, as those local user datasets might contain sensitive information about the subjects. A privacy-preserving machine learning approach such as Federated Learning (FL) is a potential candidate that enables sharing of QoE data models between collaborators without exposing ground truth, but only by means of sharing the securely aggregated form of extracted model parameters. While FL can enable a seamless QoE model management, if collaborators do not have the same level of data quality, more iterations of information sharing over a communication channel might be necessary for models to reach an acceptable accuracy. In this paper, we present an ensemble based Bayesian synthetic data generation method for FL, LOO (Leave-One-Out), which reduces the training time by 30% and the network footprint in the communication channel by 60%. © 2020 IEEE.based on the research abstract, give me in simple terms but in a concise manner:

I) Does the work related to telecommunications or network services ?

II) Does the work focused on both Quality of Experience (QoE) and user privacy aspects ?

III) What is the use case or application ?

IV) What the technologies employed ?

V) Give me results and conclusions of this research

Vi) In a text manner, Please provide a summary of the abstract in simple terms, highlighting the contributions and technologies employed.",2020,5,yes,yes,yes,Yes,Ensemble-based synthetic data synthesis for federated QoE modeling,\citeauthor{10.1109/NetSoft48620.2020.9165379} \cite{10.1109/NetSoft48620.2020.9165379},Federated Learning,Objective Metrics,Bayesian-based synthetic data generation,Video Streaming,Different Contexts,Method,Experiment,Empirical,scikit-learn ,Quality of Experience (QoE) measurement and privacy preservation,"The study mentions limitations in accessing public QoE datasets, which affected the scope of their evaluations. There is also some variability in the performance of the models depending on the dataset and the synthetic data generation method employed.", The authors plan to investigate other generative models and approaches on a wider variety of QoE datasets. There is also a mention of addressing open issues related to model training efficiency and further evaluation of the network footprint.,10.1109/NetSoft48620.2020.9165379,improving QoE modeling by generating synthetic data in federated learning environments,ensemble-based Bayesian synthetic data generation method called LOO (Leave-One-Out),"This research presents a solution to improve how Quality of Experience (QoE) models are trained without compromising user privacy. Normally, sharing user data for model training is challenging due to privacy regulations. The authors use Federated Learning (FL), which allows model sharing without sharing raw data, and introduce a method called LOO (Leave-One-Out) that generates synthetic data to improve the efficiency of the process. ","The proposed ensemble-based method (LOO) reduces the training time by 30% and cuts down the communication network load by 60%, making the process more efficient while maintaining accuracy in the QoE modeling.
"
Jia B.; Hao L.; Zhang C.; Huang B.,"Compared with the traditional Internet services, the services under the Internet of Things (IoT) expand the binary field of “user and information space” to the ternary field of “user, information space, and physical space”. How to aggregate all kinds of information, contents and applications, and how to filter services according to users’ demands, especially the privacy requirements, have become a key issue in IoT applications. Most of the existing service selection algorithms do not consider privacy factors and just adopt simple methods such as Heuristic Search Algorithm (HSA) and Genetic Algorithm (GA etc). HSA relies too much on heuristic strategies which may cause unstable performance, while GA cannot well meet the needs of service selection with multi-path characteristics due to the one-dimensional chromosome coding. To overcome the disadvantages above, this paper propose a privacy-sensitive service selection algorithm based on the Artificial Fish Swarm Algorithm (ASFA). It aims to choose the service with the best Quality of Experience (QoE) which includes privacy preferences as one of its primary factors so as to reduce the risk of privacy exposure and to pick up the service that satisfies all the requirements of users. Specifically, QoE model with privacy preferences is established and relevant constraints as well as quantitative methods are given firstly. Secondly, the proposed algorithm is constructed to select specific services based on the above model. Finally, the proposed method is verified through simulations. The results show that, compared with the GA-based algorithm, the proposed algorithm has improved both the precision rate and recall rate by more than 10% on average, which means it can solve the privacy-sensitive service selection problems in IoT with a feasible and effective way. © 2020, Springer Science+Business Media, LLC, part of Springer Nature.","Title: A Privacy-sensitive Service Selection Method Based on Artificial Fish Swarm Algorithm in the Internet of Things

Research Abstract: Compared with the traditional Internet services, the services under the Internet of Things (IoT) expand the binary field of “user and information space” to the ternary field of “user, information space, and physical space”. How to aggregate all kinds of information, contents and applications, and how to filter services according to users’ demands, especially the privacy requirements, have become a key issue in IoT applications. Most of the existing service selection algorithms do not consider privacy factors and just adopt simple methods such as Heuristic Search Algorithm (HSA) and Genetic Algorithm (GA etc). HSA relies too much on heuristic strategies which may cause unstable performance, while GA cannot well meet the needs of service selection with multi-path characteristics due to the one-dimensional chromosome coding. To overcome the disadvantages above, this paper propose a privacy-sensitive service selection algorithm based on the Artificial Fish Swarm Algorithm (ASFA). It aims to choose the service with the best Quality of Experience (QoE) which includes privacy preferences as one of its primary factors so as to reduce the risk of privacy exposure and to pick up the service that satisfies all the requirements of users. Specifically, QoE model with privacy preferences is established and relevant constraints as well as quantitative methods are given firstly. Secondly, the proposed algorithm is constructed to select specific services based on the above model. Finally, the proposed method is verified through simulations. The results show that, compared with the GA-based algorithm, the proposed algorithm has improved both the precision rate and recall rate by more than 10% on average, which means it can solve the privacy-sensitive service selection problems in IoT with a feasible and effective way. © 2020, Springer Science+Business Media, LLC, part of Springer Nature.based on the research abstract, give me in simple terms but in a concise manner:

I) Does the work related to telecommunications or network services ?

II) Does the work focused on both Quality of Experience (QoE) and user privacy aspects ?

III) What is the use case or application ?

IV) What the technologies employed ?

V) Give me results and conclusions of this research

Vi) In a text manner, Please provide a summary of the abstract in simple terms, highlighting the contributions and technologies employed.",2021,4,yes,yes,yes,Yes,A Privacy-sensitive Service Selection Method Based on Artificial Fish Swarm Algorithm in the Internet of Things,\citeauthor{10.1007/s11036-019-01488-0} \cite{10.1007/s11036-019-01488-0},Artificial Fish Swarm Algorithm ,Objective Metrics and Subjective Metrics,Artificial Fish Swarm Algorithm (ASFA).,Internet of Things,5G,Method,Simulation,Empirical,Not Provided,Quality of Experience (QoE) measurement and privacy preservation,The study notes that the proposed method requires further improvement for applicability across various domains and suggests the need for larger-scale simulations to better evaluate the method's efficiency and robustness,Future work involves extending the method to other domains and conducting more extensive simulations,10.1007/s11036-019-01488-0,"selecting services in the Internet of Things (IoT) based on user demands, with a focus on privacy-sensitive service selection ",Heuristic Search Algorithm (HSA) and Genetic Algorithm (GA),"This research focuses on improving how services are selected in the Internet of Things (IoT) by considering user privacy. Traditional methods either rely too heavily on fixed strategies or can't handle complex service paths well. To address this, the researchers propose a new algorithm based on the Artificial Fish Swarm Algorithm (AFSA), which chooses services that best meet user preferences while prioritizing privacy. They developed a Quality of Experience (QoE) model that incorporates privacy as a key factor, ensuring users get the services they need without risking their privacy. ",The study shows that the proposed privacy-sensitive service selection method based on the Artificial Fish Swarm Algorithm (AFSA) improves both the precision rate and recall rate by more than 10% compared to traditional Genetic Algorithm (GA)-based methods. This indicates the new method is more effective in addressing privacy-sensitive service selection problems in IoT applications.
De Deus A.M.G.; Julio E.P.; Moreno M.F.,"With mobile networks becoming one of the main means of accessing the Internet, Service Providers (SPs) and Mobile Network Operators (MNOs) have been investing considerable effort on service delivery mechanisms to improve end users' Quality of Experience (QoE). However, despite some advances, a lack of integration between SPs and MNOs is noticeable, which otherwise would allow for on-demand use of core and edge resources resulting in greater impact on users' QoE. This work presents Join-Me, a framework that allows SPs to transfer service modules into MNOs' infrastructure. Join-Me provides MNOs with the needed components to autonomously manage SPs' service modules, protecting mobile users' privacy and dynamically allocating the appropriate resources. Besides a framework that can be adapted to MNOs' deployed technologies, Join-Me provides SPs with an API for parameterizing the resource options to be used by their modules. An interactive UHD telemedicine service is evaluated as a proof of concept.  © 2021 IEEE.","Title: Join-Me: A Framework for integrating Service Providers and Mobile Network Operators

Research Abstract: With mobile networks becoming one of the main means of accessing the Internet, Service Providers (SPs) and Mobile Network Operators (MNOs) have been investing considerable effort on service delivery mechanisms to improve end users' Quality of Experience (QoE). However, despite some advances, a lack of integration between SPs and MNOs is noticeable, which otherwise would allow for on-demand use of core and edge resources resulting in greater impact on users' QoE. This work presents Join-Me, a framework that allows SPs to transfer service modules into MNOs' infrastructure. Join-Me provides MNOs with the needed components to autonomously manage SPs' service modules, protecting mobile users' privacy and dynamically allocating the appropriate resources. Besides a framework that can be adapted to MNOs' deployed technologies, Join-Me provides SPs with an API for parameterizing the resource options to be used by their modules. An interactive UHD telemedicine service is evaluated as a proof of concept.  © 2021 IEEE.based on the research abstract, give me in simple terms but in a concise manner:

I) Does the work related to telecommunications or network services ?

II) Does the work focused on both Quality of Experience (QoE) and user privacy aspects ?

III) What is the use case or application ?

IV) What the technologies employed ?

V) Give me results and conclusions of this research

Vi) In a text manner, Please provide a summary of the abstract in simple terms, highlighting the contributions and technologies employed.",2021,0,yes,yes,yes,Yes,Join-Me: A Framework for integrating Service Providers and Mobile Network Operators,\citeauthor{10.1109/ISCC53001.2021.9631393} \cite{10.1109/ISCC53001.2021.9631393},Access Control,Objective Metrics and Subjective Metrics,API,Telemedicine Systems,5G,Framework,Experiment,Empirical,FFmpeg and Netfilter,Quality of Experience (QoE) measurement and privacy preservation,"Due to the pandemic, the authors mention limitations in their ability to conduct large-scale experiments and assess the framework in real 5G environments. Current evaluations are based on Wi-Fi technology​","The authors propose expanding the experimental environment, conducting large-scale tests, and evaluating the framework's behavior with diverse services and in real 5G environments. They also aim to introduce an SDN-based approach for traffic control​",10.1109/ISCC53001.2021.9631393,UHD telemedicine service,Edge and Core Network Resources,"This research introduces Join-Me, a framework designed to improve collaboration between Service Providers (SPs) and Mobile Network Operators (MNOs). As mobile networks become a primary way of accessing the Internet, better integration between SPs and MNOs is needed to enhance service delivery and Quality of Experience (QoE) for users. Join-Me allows SPs to transfer their service modules to MNO infrastructure, where resources can be dynamically allocated based on demand. The framework also protects users' privacy and offers SPs an API for controlling resource usage.","The proposed framework, Join-Me, successfully integrates SPs with MNOs, allowing them to dynamically allocate resources while ensuring user privacy. The evaluation using a UHD telemedicine service demonstrates the framework’s capability to enhance service delivery and QoE in real-world applications.

"
Tang Z.; Feng X.; Xie Y.; Phan H.; Guo T.; Yuan B.; Wei S.,"Volumetric video (VV) streaming has drawn an increasing amount of interests recently with the rapid advancements in consumer VR/AR devices and the relevant multimedia and graphics research. While the resource and performance challenges in volumetric video streaming have been actively investigated by the multimedia community, the potential security and privacy concerns with this new type of multimedia have not been studied. We for the first time identify an effective threat model that extracts 3D face models from volumetric videos and compromises face ID-based authentications To defend against such attack, we develop a novel volumetric video security mechanism, namely VVSec, which makes benign use of adversarial perturbations to obfuscate the security and privacy-sensitive 3D face models. Such obfuscation ensures that the 3D models cannot be exploited to bypass deep learning-based face authentications. Meanwhile, the injected perturbations are not perceivable by the end-users, maintaining the original quality of experience in volumetric video streaming. We evaluate VVSec using two datasets, including a set of frames extracted from an empirical volumetric video and a public RGB-D face image dataset. Our evaluation results demonstrate the effectiveness of both the proposed attack and defense mechanisms in volumetric video streaming.  © 2020 ACM.","Title: VVSec: Securing Volumetric Video Streaming via Benign Use of Adversarial Perturbation

Research Abstract: Volumetric video (VV) streaming has drawn an increasing amount of interests recently with the rapid advancements in consumer VR/AR devices and the relevant multimedia and graphics research. While the resource and performance challenges in volumetric video streaming have been actively investigated by the multimedia community, the potential security and privacy concerns with this new type of multimedia have not been studied. We for the first time identify an effective threat model that extracts 3D face models from volumetric videos and compromises face ID-based authentications To defend against such attack, we develop a novel volumetric video security mechanism, namely VVSec, which makes benign use of adversarial perturbations to obfuscate the security and privacy-sensitive 3D face models. Such obfuscation ensures that the 3D models cannot be exploited to bypass deep learning-based face authentications. Meanwhile, the injected perturbations are not perceivable by the end-users, maintaining the original quality of experience in volumetric video streaming. We evaluate VVSec using two datasets, including a set of frames extracted from an empirical volumetric video and a public RGB-D face image dataset. Our evaluation results demonstrate the effectiveness of both the proposed attack and defense mechanisms in volumetric video streaming.  © 2020 ACM.based on the research abstract, give me in simple terms but in a concise manner:

I) Does the work related to telecommunications or network services ?

II) Does the work focused on both Quality of Experience (QoE) and user privacy aspects ?

III) What is the use case or application ?

IV) What the technologies employed ?

V) Give me results and conclusions of this research

Vi) In a text manner, Please provide a summary of the abstract in simple terms, highlighting the contributions and technologies employed.",2020,7,yes,yes,yes,Yes,VVSec: Securing Volumetric Video Streaming via Benign Use of Adversarial Perturbation,\citeauthor{10.1145/3394171.3413639} \cite{10.1145/3394171.3413639},Adversarial Perturbation Techniques,Subjective Metrics,Adversarial Perturbation Techniques,Video Streaming,5G,Framework,Experiment,Empirical,VVSec,Quality of Experience (QoE) measurement and privacy preservation,"The limitations identified include the current exclusion of the depth channel in the perturbation generation, high timing overhead, which limits real-time streaming applications, and the lack of a robust QoE evaluation system specifically tailored for volumetric video streaming","Future work aims to address the inclusion of the depth channel in perturbations, reduce the timing overhead to enable real-time streaming, and improve QoE evaluation metrics for volumetric videos​",10.1145/3394171.3413639,"volumetric video streaming, particularly in applications like VR/AR",,"This research focuses on securing volumetric video (VV) streaming, a type of video used in virtual reality (VR) and augmented reality (AR) applications. The study identifies a security risk where 3D face models can be extracted from these videos and used to bypass facial recognition systems. To prevent this, the researchers developed a method called VVSec, which uses small, invisible changes (called adversarial perturbations) to confuse attackers without affecting the quality of the video for regular users.","The research successfully demonstrates that 3D face models can be extracted from volumetric videos and used to compromise authentication systems. The proposed VVSec mechanism, which uses adversarial perturbations, effectively obfuscates these models without degrading the user’s viewing experience. The results show that the defense mechanism works well, preventing attacks while maintaining video quality."
Darwich M.; Khalil K.; Bayoumi M.,"The proliferation of video streaming services demands scalable solutions that can adapt to diverse user requirements and network conditions while maintaining privacy and efficiency. This research explores the application of Federated Learning (FL) as a paradigm to address these challenges. We propose a novel FL-based framework for scalable video streaming, focusing on optimizing streaming quality and bandwidth utilization across heterogeneous devices and networks. Our framework leverages decentralized data processing and model training across multiple nodes, reducing the need for centralized data collection and thereby enhancing privacy. We introduce an adaptive algorithm within the FL framework that dynamically adjusts streaming parameters based on user context, network conditions, and device capabilities. This approach ensures optimal video quality and efficient bandwidth usage without compromising user privacy. To validate the efficacy of our proposed solution, we conducted extensive experiments using a simulated environment that mimics real-world streaming scenarios with varying network conditions and device types. The results demonstrate a significant improvement in streaming efficiency and quality. Specifically, our FL-based framework achieved a 25% reduction in bandwidth usage compared to traditional streaming methods, while maintaining or enhancing video quality. Additionally, the user experience, measured through Quality of Experience (QoE) metrics, showed an average improvement of 18%, indicating not only a more efficient but also a more satisfactory streaming experience for users. © 2024 IEEE.","Title: Scalable Video Streaming Solutions Using Federated Learning

Research Abstract: The proliferation of video streaming services demands scalable solutions that can adapt to diverse user requirements and network conditions while maintaining privacy and efficiency. This research explores the application of Federated Learning (FL) as a paradigm to address these challenges. We propose a novel FL-based framework for scalable video streaming, focusing on optimizing streaming quality and bandwidth utilization across heterogeneous devices and networks. Our framework leverages decentralized data processing and model training across multiple nodes, reducing the need for centralized data collection and thereby enhancing privacy. We introduce an adaptive algorithm within the FL framework that dynamically adjusts streaming parameters based on user context, network conditions, and device capabilities. This approach ensures optimal video quality and efficient bandwidth usage without compromising user privacy. To validate the efficacy of our proposed solution, we conducted extensive experiments using a simulated environment that mimics real-world streaming scenarios with varying network conditions and device types. The results demonstrate a significant improvement in streaming efficiency and quality. Specifically, our FL-based framework achieved a 25% reduction in bandwidth usage compared to traditional streaming methods, while maintaining or enhancing video quality. Additionally, the user experience, measured through Quality of Experience (QoE) metrics, showed an average improvement of 18%, indicating not only a more efficient but also a more satisfactory streaming experience for users. © 2024 IEEE.based on the research abstract, give me in simple terms but in a concise manner:

I) Does the work related to telecommunications or network services ?

II) Does the work focused on both Quality of Experience (QoE) and user privacy aspects ?

III) What is the use case or application ?

IV) What the technologies employed ?

V) Give me results and conclusions of this research

Vi) In a text manner, Please provide a summary of the abstract in simple terms, highlighting the contributions and technologies employed.",2024,0,yes,yes,yes,Yes,Scalable Video Streaming Solutions Using Federated Learning,\citeauthor{10.1109/SmartNets61466.2024.10577738} \cite{10.1109/SmartNets61466.2024.10577738},Federated Learning,Objective Metrics,Adaptive Algorithms,Video Streaming,5G,Framework,Experiments and Simulations,Empirical,Not Provided,Quality of Experience (QoE) measurement and privacy preservation,Not Provided,Not Provided,10.1109/SmartNets61466.2024.10577738,Video Streaming,Adaptive Streaming Algorithm,"The paper explores using Federated Learning (FL) to create a scalable video streaming framework that adapts to different user needs and network conditions while ensuring privacy. This framework processes data and trains models across multiple nodes, minimizing the need for centralized data collection. It includes an adaptive algorithm that adjusts streaming parameters based on user context, network conditions, and device capabilities. ","The FL-based framework reduced bandwidth usage by 25% compared to traditional streaming methods.
The Quality of Experience (QoE) improved by an average of 18%, resulting in better user satisfaction and streaming efficiency.
The framework demonstrated scalability and efficiency in handling diverse network conditions and devices while maintaining privacy.
"
Orsolic I.; Skorin-Kapov L.,"With the amount of global network traffic steadily increasing, mainly due to video streaming services, network operators are faced with the challenge of efficiently managing their resources while meeting customer demands and expectations. A prerequisite for such Quality-of-Experience-driven (QoE) network traffic management is the monitoring and inference of application-level performance in terms of video Key Performance Indicators (KPIs) that directly influence end-user QoE. Given the persistent adoption of end-to-end encryption, operators lack direct insights into video quality metrics such as start-up delays, resolutions, or stalling events, which are needed to adequately estimate QoE and drive resource management decisions. Numerous solutions have been proposed to tackle this challenge on individual use-cases, most of them relying on machine learning (ML) for inferring KPIs from observable traffic patterns and statistics. In this paper, we summarize the key findings in state-of-the-art research on the topic. Going beyond previous work, we devise the concept of a generic framework for ML-based QoE/KPI monitoring of HTTP adaptive streaming (HAS) services, including model training, deployment, and re-evaluation. Components of the framework are designed in a generic way, independent of a particular streaming service and platform. The methodology for applying different framework components is discussed across various use-cases. In particular, we demonstrate framework applicability in a concrete use-case involving the YouTube service delivered to smartphones via the mobile YouTube app, as this presents one of the most prominent examples of accessing YouTube. We tackle both QoE/KPI estimation on a per-video-session level (utilizing the validated ITU-T P.1203 QoE model), as well as 'real-time' KPI estimation over short time intervals. Obtained results provide important insights and challenges related to the deployment of a generic in-network QoE monitoring framework for encrypted video streams. © 2013 IEEE.","Title: A Framework for in-Network QoE Monitoring of Encrypted Video Streaming

Research Abstract: With the amount of global network traffic steadily increasing, mainly due to video streaming services, network operators are faced with the challenge of efficiently managing their resources while meeting customer demands and expectations. A prerequisite for such Quality-of-Experience-driven (QoE) network traffic management is the monitoring and inference of application-level performance in terms of video Key Performance Indicators (KPIs) that directly influence end-user QoE. Given the persistent adoption of end-to-end encryption, operators lack direct insights into video quality metrics such as start-up delays, resolutions, or stalling events, which are needed to adequately estimate QoE and drive resource management decisions. Numerous solutions have been proposed to tackle this challenge on individual use-cases, most of them relying on machine learning (ML) for inferring KPIs from observable traffic patterns and statistics. In this paper, we summarize the key findings in state-of-the-art research on the topic. Going beyond previous work, we devise the concept of a generic framework for ML-based QoE/KPI monitoring of HTTP adaptive streaming (HAS) services, including model training, deployment, and re-evaluation. Components of the framework are designed in a generic way, independent of a particular streaming service and platform. The methodology for applying different framework components is discussed across various use-cases. In particular, we demonstrate framework applicability in a concrete use-case involving the YouTube service delivered to smartphones via the mobile YouTube app, as this presents one of the most prominent examples of accessing YouTube. We tackle both QoE/KPI estimation on a per-video-session level (utilizing the validated ITU-T P.1203 QoE model), as well as 'real-time' KPI estimation over short time intervals. Obtained results provide important insights and challenges related to the deployment of a generic in-network QoE monitoring framework for encrypted video streams. © 2013 IEEE.based on the research abstract, give me in simple terms but in a concise manner:

I) Does the work related to telecommunications or network services ?

II) Does the work focused on both Quality of Experience (QoE) and user privacy aspects ?

III) What is the use case or application ?

IV) What the technologies employed ?

V) Give me results and conclusions of this research

Vi) In a text manner, Please provide a summary of the abstract in simple terms, highlighting the contributions and technologies employed.",2020,36,yes,yes,yes,Yes,A Framework for in-Network QoE Monitoring of Encrypted Video Streaming,\citeauthor{10.1109/ACCESS.2020.2988735} \cite{10.1109/ACCESS.2020.2988735},Encrypted Traffic ,Objective Metrics, HTTP Adaptive Streaming,Mobile Networks,4G and 5G,Framework,Experiments and Simulations,Empirical,tcpdump,Quality of Experience (QoE) measurement and privacy preservation,"The paper highlights challenges in handling the diversity of streaming platforms, changing network conditions, and adaptation algorithms. Also, there are limitations related to session delimitation in different scenarios (e.g., continuous video playback).","The authors suggest future research directions, including improving session delimitation techniques, addressing concept drift in streaming algorithms, and expanding the framework to other live streaming services such as Twitch and YouTube Live.",10.1109/ACCESS.2020.2988735,QoE monitoring for encrypted video streaming services,machine learning (ML) to infer video quality KPIs from observable traffic patterns and statistics,"The research addresses the challenge of managing network resources to improve video streaming quality, despite the encryption that limits direct access to user data. The authors propose a generic machine learning framework for monitoring Quality-of-Experience (QoE) and Key Performance Indicators (KPIs) in HTTP adaptive streaming (HAS) services. This framework aims to infer video quality metrics crucial for QoE assessment, using machine learning to analyze traffic patterns and statistics. The approach is designed to be adaptable across different streaming services and platforms, demonstrating its effectiveness in enhancing QoE for services like YouTube on mobile devices. ","The research concludes that the proposed ML-based framework can effectively monitor QoE for encrypted video streaming across various services and platforms. The results show important insights into deploying such a generic in-network QoE monitoring framework for encrypted traffic, with challenges related to scalability and adaptation to different use cases."
Liang Q.; Zhao H.; Hou L.,"Short videos, as one of the most popular forms of multimedia, impose stringent transmission requirements on wireless networks. A Cell-Free network with numerous access points and a cloud server based on artificial intelligence is a promising approach for improving users' quality of experience. This research presents a federated reinforcement learning based radio resource scheduling method for access points to construct a global model at the cloud server to explore the potential of the Cell-Free networks while avoiding privacy leakage. First of all, local access points train their local models and upload their weights to cloud server. Then, the server aggregates the local models to obtain the global model, which is subsequently sent back to the access points. Finally, the access points update their local models with the latest global model. The simulation results show that the advantages of the proposed algorithm are the effective resource scheduling policy, the convergence speed and the scalability. Meanwhile, the proposed algorithm outperforms baselines with significant performance improvement. © 2022 IEEE.","Title: Federated Reinforcement Learning-Based Radio Resource Scheduling for Short Video Applications

Research Abstract: Short videos, as one of the most popular forms of multimedia, impose stringent transmission requirements on wireless networks. A Cell-Free network with numerous access points and a cloud server based on artificial intelligence is a promising approach for improving users' quality of experience. This research presents a federated reinforcement learning based radio resource scheduling method for access points to construct a global model at the cloud server to explore the potential of the Cell-Free networks while avoiding privacy leakage. First of all, local access points train their local models and upload their weights to cloud server. Then, the server aggregates the local models to obtain the global model, which is subsequently sent back to the access points. Finally, the access points update their local models with the latest global model. The simulation results show that the advantages of the proposed algorithm are the effective resource scheduling policy, the convergence speed and the scalability. Meanwhile, the proposed algorithm outperforms baselines with significant performance improvement. © 2022 IEEE.based on the research abstract, give me in simple terms but in a concise manner:

I) Does the work related to telecommunications or network services ?

II) Does the work focused on both Quality of Experience (QoE) and user privacy aspects ?

III) What is the use case or application ?

IV) What the technologies employed ?

V) Give me results and conclusions of this research

Vi) In a text manner, Please provide a summary of the abstract in simple terms, highlighting the contributions and technologies employed.",2022,0,yes,yes,yes,Yes,Federated Reinforcement Learning-Based Radio Resource Scheduling for Short Video Applications,\citeauthor{10.1109/BMSB55706.2022.9828777} \cite{10.1109/BMSB55706.2022.9828777},Federated Learning,Objective Metrics, Deep Reinforcement Learning ,Wireless Networks ,5G,Method,Simulation,Empirical,Gym,Quality of Experience (QoE) measurement and privacy preservation,"The paper suggests that the method might face scalability issues with an even larger number of users or access points. While the algorithm is tested for a limited number of APs, real-world scenarios could introduce additional complexities.","Future works could explore optimizing the scalability of the method in larger, more complex wireless networks and investigate real-world implementations to better understand its robustness in diverse conditions.",10.1109/BMSB55706.2022.9828777,"radio resource scheduling in wireless networks, particularly in cell-free networks",,The research proposes a method using federated reinforcement learning for access points in a Cell-Free network. This method constructs a global model at a cloud server to improve network performance without compromising user privacy. ,"The study concludes that the federated reinforcement learning method effectively schedules radio resources, resulting in faster convergence, better scalability, and improved performance compared to baseline methods. The approach allows access points to collaboratively build a global model while preserving user privacy, leading to significant performance gains in wireless networks supporting short video applications.

"
Saikumari T.; Sudha G.V.,"Nowadays, blockchain-based healthcare systems have gained more attention for handling a huge amount of patient health data observed by Internet-of-Things (IoT) systems. Several studies have focused on integrating blockchain technology with healthcare systems to ensure the secrecy and transparency of patient data. Among these, an enhanced eHealthChain system has been designed, which comprises Enhanced OAuth (EOAuth) 2.0 to enhance user security based on their trust score. It also applies a Constrained Application Protocol (CoAP) to achieve reliable transmission by controlling congestion in the network according to the Retransmission Timeout (RTO). However, the CoAP causes long inactive latency in the network, and the backoff values are constant, which do not differ in dynamic network settings. Hence, this article proposes an Enhanced CoAP (ECoAP), which adopts adaptive RTO estimation with an Adaptive Backoff Factor (ABF), Data Loss Rate (DLR) estimation, and a Refined Random Early Identification (RREI) scheme for Congestion Control (CC) in dynamic network configurations. This can be useful to reduce the number of retransmissions by predicting the variable backoff values. Moreover, this protocol achieves effective queue management and regulation of backoff values based on congestion levels. Finally, the implementation findings exhibit that the ECoAP outperforms the classical CoAP for secure and reliable transmission in blockchain-enabled clinical IoT systems. The results revealed that the proposed system achieves 24.6% unsuccessful transmissions, 4.64 seconds average service time, 0.2264 seconds average network delay, 94.96% average server usage, 16.9% average Quality of Experience (QoE), 92.4% confidentiality, 86.5% authorization, and 93.9% data integrity for 2500 transmissions. © (2024), (Intelligent Network and Systems Society). All Rights Reserved.","Title: An Improved Congestion Handling in Blockchain Secured Cloud Based Healthcare System

Research Abstract: Nowadays, blockchain-based healthcare systems have gained more attention for handling a huge amount of patient health data observed by Internet-of-Things (IoT) systems. Several studies have focused on integrating blockchain technology with healthcare systems to ensure the secrecy and transparency of patient data. Among these, an enhanced eHealthChain system has been designed, which comprises Enhanced OAuth (EOAuth) 2.0 to enhance user security based on their trust score. It also applies a Constrained Application Protocol (CoAP) to achieve reliable transmission by controlling congestion in the network according to the Retransmission Timeout (RTO). However, the CoAP causes long inactive latency in the network, and the backoff values are constant, which do not differ in dynamic network settings. Hence, this article proposes an Enhanced CoAP (ECoAP), which adopts adaptive RTO estimation with an Adaptive Backoff Factor (ABF), Data Loss Rate (DLR) estimation, and a Refined Random Early Identification (RREI) scheme for Congestion Control (CC) in dynamic network configurations. This can be useful to reduce the number of retransmissions by predicting the variable backoff values. Moreover, this protocol achieves effective queue management and regulation of backoff values based on congestion levels. Finally, the implementation findings exhibit that the ECoAP outperforms the classical CoAP for secure and reliable transmission in blockchain-enabled clinical IoT systems. The results revealed that the proposed system achieves 24.6% unsuccessful transmissions, 4.64 seconds average service time, 0.2264 seconds average network delay, 94.96% average server usage, 16.9% average Quality of Experience (QoE), 92.4% confidentiality, 86.5% authorization, and 93.9% data integrity for 2500 transmissions. © (2024), (Intelligent Network and Systems Society). All Rights Reserved.based on the research abstract, give me in simple terms but in a concise manner:

I) Does the work related to telecommunications or network services ?

II) Does the work focused on both Quality of Experience (QoE) and user privacy aspects ?

III) What is the use case or application ?

IV) What the technologies employed ?

V) Give me results and conclusions of this research

Vi) In a text manner, Please provide a summary of the abstract in simple terms, highlighting the contributions and technologies employed.",2024,0,yes,yes,yes,Yes,An Improved Congestion Handling in Blockchain Secured Cloud Based Healthcare System,,,,Blockchain,Clinical IoT Systems,,,,,,,,,10.22266/ijies2024.0430.37,Clinical IoT systems,,"This research aims to improve the way healthcare data from IoT devices is transmitted securely and efficiently in a blockchain-based cloud system. Current methods cause delays in dynamic networks, so the authors propose an enhanced transmission protocol (ECoAP) that adapts to changing network conditions. The protocol uses techniques like adaptive retransmission timing and congestion control to reduce delays and data loss. ","The proposed ECoAP protocol reduces the number of retransmissions and manages network congestion more effectively than the classical CoAP.
The system achieves a 24.6% unsuccessful transmission rate, with low average service time (4.64 seconds) and network delay (0.2264 seconds).
QoE is measured at 16.9%, while confidentiality, authorization, and data integrity are very high, at 92.4%, 86.5%, and 93.9%, respectively, for 2500 transmissions.
"
Wu Y.; Ma Y.; Dai H.-N.; Wang H.,"5G heterogeneous networks have become a promising platform to connect a growing number of Internet-of-Things (IoT) devices and accommodate a wide variety of vertical services. IoT has not been limited to traditional sensing systems since the introduction of 5G, but also includes a range of autonomous moving platforms, e.g., autonomous flying vehicles, autonomous underwater vehicles, autonomous surface vehicles as well as autonomous land vehicles. These platforms can be used as an effective means to connect air, space, ground, and sea mobile networks for providing a wider diversity of Internet services. Deep learning has been widely used to extract useful information from network big data for enhancing network quality-of-service and user quality-of-experience. Privacy preservation for user and network data is a burning concern in 5G heterogeneous networks due to various attacks in this environment. In this paper, we conduct an in-depth investigation on how deep learning can cope with privacy preservation issues in 5G heterogeneous networks, in terms of heterogeneous radio access networks (RANs), beyond-RAN networks, and end-to-end network slices, followed by a set of key research challenges and open issues that aim to guide future research. © 2020 Elsevier B.V.","Title: Deep learning for privacy preservation in autonomous moving platforms enhanced 5G heterogeneous networks

Research Abstract: 5G heterogeneous networks have become a promising platform to connect a growing number of Internet-of-Things (IoT) devices and accommodate a wide variety of vertical services. IoT has not been limited to traditional sensing systems since the introduction of 5G, but also includes a range of autonomous moving platforms, e.g., autonomous flying vehicles, autonomous underwater vehicles, autonomous surface vehicles as well as autonomous land vehicles. These platforms can be used as an effective means to connect air, space, ground, and sea mobile networks for providing a wider diversity of Internet services. Deep learning has been widely used to extract useful information from network big data for enhancing network quality-of-service and user quality-of-experience. Privacy preservation for user and network data is a burning concern in 5G heterogeneous networks due to various attacks in this environment. In this paper, we conduct an in-depth investigation on how deep learning can cope with privacy preservation issues in 5G heterogeneous networks, in terms of heterogeneous radio access networks (RANs), beyond-RAN networks, and end-to-end network slices, followed by a set of key research challenges and open issues that aim to guide future research. © 2020 Elsevier B.V.based on the research abstract, give me in simple terms but in a concise manner:

I) Does the work related to telecommunications or network services ?

II) Does the work focused on both Quality of Experience (QoE) and user privacy aspects ?

III) What is the use case or application ?

IV) What the technologies employed ?

V) Give me results and conclusions of this research

Vi) In a text manner, Please provide a summary of the abstract in simple terms, highlighting the contributions and technologies employed.",2021,39,yes,yes,yes,Yes,Deep learning for privacy preservation in autonomous moving platforms enhanced 5G heterogeneous networks,,,,Deep Learning,Autonomous Moving Platforms,,,,Theoretical,,,,,10.1016/j.comnet.2020.107743,"autonomous moving platforms (e.g., drones, underwater vehicles, land vehicles) connected via 5G networks",,"This research looks at how deep learning can help protect privacy in 5G networks, which connect different IoT devices and autonomous vehicles (like drones or underwater robots). As these platforms move across air, land, and sea, they create a complex network. The paper explores how deep learning can extract useful data to improve network performance while keeping user data safe. It also highlights key challenges and open questions in protecting privacy across different parts of the network, aiming to guide future research on making these systems more secure and efficient.","The study concludes that deep learning can play a significant role in addressing privacy concerns in 5G heterogeneous networks. It identifies key challenges, such as ensuring privacy in radio access networks (RANs) and end-to-end network slices, and provides insights for future research on balancing privacy with network performance and QoE."
Li Y.; Zhang W.,"In recent years, mobile edge computing has become one of the popular methods to provide computing resources for the body area network, but existing research only considers the problem of minimizing the cost of offloading when solving the optimization problem of task-offloading, ignoring the trust problem of edge computing nodes, and offloading tasks on edge nodes may cause user information disclosure and reduce the quality of user experience. In response to this situation, this study aims to minimize the average user cost and designs a task-offloading strategy based on the D3QN (dueling double deep Q-network) algorithm in conjunction with the blockchain information security storage model. This strategy uses deep reinforcement learning algorithms to obtain the minimum average offloading cost of the system while considering user latency, energy consumption, and data protection conditions. The experimental simulation results show that compared to traditional schemes and other reinforcement learning-based schemes, this scheme can more effectively reduce the average cost of the system, and the average cost is reduced by 31.25% when reaching convergence. In addition, as the complexity of the model increases, this scheme can provide users with better experience quality, with 53.7% of the 1000 users having a very good experience quality. © 2024 by the authors.","Title: Task-Offloading Strategy of Mobile Edge Computing for WBANs

Research Abstract: In recent years, mobile edge computing has become one of the popular methods to provide computing resources for the body area network, but existing research only considers the problem of minimizing the cost of offloading when solving the optimization problem of task-offloading, ignoring the trust problem of edge computing nodes, and offloading tasks on edge nodes may cause user information disclosure and reduce the quality of user experience. In response to this situation, this study aims to minimize the average user cost and designs a task-offloading strategy based on the D3QN (dueling double deep Q-network) algorithm in conjunction with the blockchain information security storage model. This strategy uses deep reinforcement learning algorithms to obtain the minimum average offloading cost of the system while considering user latency, energy consumption, and data protection conditions. The experimental simulation results show that compared to traditional schemes and other reinforcement learning-based schemes, this scheme can more effectively reduce the average cost of the system, and the average cost is reduced by 31.25% when reaching convergence. In addition, as the complexity of the model increases, this scheme can provide users with better experience quality, with 53.7% of the 1000 users having a very good experience quality. © 2024 by the authors.based on the research abstract, give me in simple terms but in a concise manner:

I) Does the work related to telecommunications or network services ?

II) Does the work focused on both Quality of Experience (QoE) and user privacy aspects ?

III) What is the use case or application ?

IV) What the technologies employed ?

V) Give me results and conclusions of this research

Vi) In a text manner, Please provide a summary of the abstract in simple terms, highlighting the contributions and technologies employed.",2024,0,yes,yes,yes,Yes,Task-Offloading Strategy of Mobile Edge Computing for WBANs,\citeauthor{10.3390/electronics13081422} \cite{10.3390/electronics13081422},Blockchain,Objective Metrics, Deep Reinforcement Learning,Wireless Body Area Networks,5G,Method,Simulation,Empirical,Pytorch,Quality of Experience (QoE) measurement and privacy preservation,"The study's limitations include the potential scalability issues of MEC systems as the number of users and tasks grows, as well as the energy consumption of maintaining blockchain nodes on edge servers",Future work includes exploring more efficient algorithms for offloading decisions and further optimizing blockchain-based storage systems to reduce energy consumption and latency,10.3390/electronics13081422, task-offloading in WBANs using Mobile Edge Computing, D3QN (dueling double deep Q-network),"This research focuses on improving how wearable devices (WBANs) offload computational tasks to nearby edge servers (MEC) to save energy, reduce delays, and ensure data security. The authors propose a new strategy using a deep reinforcement learning algorithm (D3QN) combined with blockchain technology to minimize costs and safeguard user privacy. ","The proposed strategy reduces the average system cost by 31.25% compared to traditional and other reinforcement learning-based methods.
It improves the Quality of Experience (QoE), with 53.7% of users reporting a very good experience quality.
The approach proves more effective in minimizing cost and improving user experience as the complexity of the model increases."
,,,,,,,,,,,,,,,,,,,,,,,,,,,
,,,,,,,,,,,,,,,,,,,,,,,,,,,
,,,,,,,,,,,,,,,,,,,,,,,,,,,
,,,,,,,,,,,,,,,,,,,,,,,,,,,
,,,,,,,,,,,,,,,,,,,,,,,,,,,
,,,,,,,,,,,,,,,,,,,,,,,,,,,
,,,,,,,,,,,,,,,,,,,,,,,,,,,
,,,,,,,,,,,,,,,,,,,,,,,,,,,
,,,,,,,,,,,,,,,,,,,,,,,,,,,
,,,,,,,,,,,,,,,,,,,,,,,,,,,
,,,,,,,,,,,,,,,,,,,,,,,,,,,
,,,,,,,,,,,,,,,,,,,,,,,,,,,
,,,,,,,,,,,,,,,,,,,,,,,,,,,
,,,,,,,,,,,,,,,,,,,,,,,,,,,
,,,,,,,,,,,,,,,,,,,,,,,,,,,
,,,,,,,,,,,,,,,,,,,,,,,,,,,
,,,,,,,,,,,,,,,,,,,,,,,,,,,
,,,,,,,,,,,,,,,,,,,,,,,,,,,
,,,,,,,,,,,,,,,,,,,,,,,,,,,
,,,,,,,,,,,,,,,,,,,,,,,,,,,
,,,,,,,,,,,,,,,,,,,,,,,,,,,
,,,,,,,,,,,,,,,,,,,,,,,,,,,
,,,,,,,,,,,,,,,,,,,,,,,,,,,
,,,,,,,,,,,,,,,,,,,,,,,,,,,
,,,,,,,,,,,,,,,,,,,,,,,,,,,
,,,,,,,,,,,,,,,,,,,,,,,,,,,
,,,,,,,,,,,,,,,,,,,,,,,,,,,
,,,,,,,,,,,,,,,,,,,,,,,,,,,
,,,,,,,,,,,,,,,,,,,,,,,,,,,
,,,,,,,,,,,,,,,,,,,,,,,,,,,
,,,,,,,,,,,,,,,,,,,,,,,,,,,
,,,,,,,,,,,,,,,,,,,,,,,,,,,
,,,,,,,,,,,,,,,,,,,,,,,,,,,
,,,,,,,,,,,,,,,,,,,,,,,,,,,
,,,,,,,,,,,,,,,,,,,,,,,,,,,
,,,,,,,,,,,,,,,,,,,,,,,,,,,
,,,,,,,,,,,,,,,,,,,,,,,,,,,
,,,,,,,,,,,,,,,,,,,,,,,,,,,
,,,,,,,,,,,,,,,,,,,,,,,,,,,
,,,,,,,,,,,,,,,,,,,,,,,,,,,
,,,,,,,,,,,,,,,,,,,,,,,,,,,
,,,,,,,,,,,,,,,,,,,,,,,,,,,
,,,,,,,,,,,,,,,,,,,,,,,,,,,
,,,,,,,,,,,,,,,,,,,,,,,,,,,
,,,,,,,,,,,,,,,,,,,,,,,,,,,
,,,,,,,,,,,,,,,,,,,,,,,,,,,
,,,,,,,,,,,,,,,,,,,,,,,,,,,
,,,,,,,,,,,,,,,,,,,,,,,,,,,
,,,,,,,,,,,,,,,,,,,,,,,,,,,
,,,,,,,,,,,,,,,,,,,,,,,,,,,
,,,,,,,,,,,,,,,,,,,,,,,,,,,
,,,,,,,,,,,,,,,,,,,,,,,,,,,
,,,,,,,,,,,,,,,,,,,,,,,,,,,
,,,,,,,,,,,,,,,,,,,,,,,,,,,
,,,,,,,,,,,,,,,,,,,,,,,,,,,
,,,,,,,,,,,,,,,,,,,,,,,,,,,
,,,,,,,,,,,,,,,,,,,,,,,,,,,
,,,,,,,,,,,,,,,,,,,,,,,,,,,
,,,,,,,,,,,,,,,,,,,,,,,,,,,
,,,,,,,,,,,,,,,,,,,,,,,,,,,
,,,,,,,,,,,,,,,,,,,,,,,,,,,
,,,,,,,,,,,,,,,,,,,,,,,,,,,
,,,,,,,,,,,,,,,,,,,,,,,,,,,
,,,,,,,,,,,,,,,,,,,,,,,,,,,
,,,,,,,,,,,,,,,,,,,,,,,,,,,
,,,,,,,,,,,,,,,,,,,,,,,,,,,
,,,,,,,,,,,,,,,,,,,,,,,,,,,
,,,,,,,,,,,,,,,,,,,,,,,,,,,
,,,,,,,,,,,,,,,,,,,,,,,,,,,
,,,,,,,,,,,,,,,,,,,,,,,,,,,
,,,,,,,,,,,,,,,,,,,,,,,,,,,
,,,,,,,,,,,,,,,,,,,,,,,,,,,
,,,,,,,,,,,,,,,,,,,,,,,,,,,
,,,,,,,,,,,,,,,,,,,,,,,,,,,
,,,,,,,,,,,,,,,,,,,,,,,,,,,
,,,,,,,,,,,,,,,,,,,,,,,,,,,
,,,,,,,,,,,,,,,,,,,,,,,,,,,
,,,,,,,,,,,,,,,,,,,,,,,,,,,
,,,,,,,,,,,,,,,,,,,,,,,,,,,
,,,,,,,,,,,,,,,,,,,,,,,,,,,
,,,,,,,,,,,,,,,,,,,,,,,,,,,
,,,,,,,,,,,,,,,,,,,,,,,,,,,
,,,,,,,,,,,,,,,,,,,,,,,,,,,
,,,,,,,,,,,,,,,,,,,,,,,,,,,
,,,,,,,,,,,,,,,,,,,,,,,,,,,
,,,,,,,,,,,,,,,,,,,,,,,,,,,
,,,,,,,,,,,,,,,,,,,,,,,,,,,
,,,,,,,,,,,,,,,,,,,,,,,,,,,
,,,,,,,,,,,,,,,,,,,,,,,,,,,
,,,,,,,,,,,,,,,,,,,,,,,,,,,
,,,,,,,,,,,,,,,,,,,,,,,,,,,
,,,,,,,,,,,,,,,,,,,,,,,,,,,
,,,,,,,,,,,,,,,,,,,,,,,,,,,
,,,,,,,,,,,,,,,,,,,,,,,,,,,
,,,,,,,,,,,,,,,,,,,,,,,,,,,
,,,,,,,,,,,,,,,,,,,,,,,,,,,
,,,,,,,,,,,,,,,,,,,,,,,,,,,
,,,,,,,,,,,,,,,,,,,,,,,,,,,
,,,,,,,,,,,,,,,,,,,,,,,,,,,
,,,,,,,,,,,,,,,,,,,,,,,,,,,
,,,,,,,,,,,,,,,,,,,,,,,,,,,
,,,,,,,,,,,,,,,,,,,,,,,,,,,
,,,,,,,,,,,,,,,,,,,,,,,,,,,
,,,,,,,,,,,,,,,,,,,,,,,,,,,
,,,,,,,,,,,,,,,,,,,,,,,,,,,
,,,,,,,,,,,,,,,,,,,,,,,,,,,
,,,,,,,,,,,,,,,,,,,,,,,,,,,
,,,,,,,,,,,,,,,,,,,,,,,,,,,
,,,,,,,,,,,,,,,,,,,,,,,,,,,
,,,,,,,,,,,,,,,,,,,,,,,,,,,
,,,,,,,,,,,,,,,,,,,,,,,,,,,
,,,,,,,,,,,,,,,,,,,,,,,,,,,
,,,,,,,,,,,,,,,,,,,,,,,,,,,
,,,,,,,,,,,,,,,,,,,,,,,,,,,
,,,,,,,,,,,,,,,,,,,,,,,,,,,
,,,,,,,,,,,,,,,,,,,,,,,,,,,
,,,,,,,,,,,,,,,,,,,,,,,,,,,
,,,,,,,,,,,,,,,,,,,,,,,,,,,
,,,,,,,,,,,,,,,,,,,,,,,,,,,
,,,,,,,,,,,,,,,,,,,,,,,,,,,
,,,,,,,,,,,,,,,,,,,,,,,,,,,
,,,,,,,,,,,,,,,,,,,,,,,,,,,
,,,,,,,,,,,,,,,,,,,,,,,,,,,
,,,,,,,,,,,,,,,,,,,,,,,,,,,
,,,,,,,,,,,,,,,,,,,,,,,,,,,
,,,,,,,,,,,,,,,,,,,,,,,,,,,
,,,,,,,,,,,,,,,,,,,,,,,,,,,
,,,,,,,,,,,,,,,,,,,,,,,,,,,
,,,,,,,,,,,,,,,,,,,,,,,,,,,
,,,,,,,,,,,,,,,,,,,,,,,,,,,
,,,,,,,,,,,,,,,,,,,,,,,,,,,
,,,,,,,,,,,,,,,,,,,,,,,,,,,
,,,,,,,,,,,,,,,,,,,,,,,,,,,
,,,,,,,,,,,,,,,,,,,,,,,,,,,
,,,,,,,,,,,,,,,,,,,,,,,,,,,
,,,,,,,,,,,,,,,,,,,,,,,,,,,
,,,,,,,,,,,,,,,,,,,,,,,,,,,
,,,,,,,,,,,,,,,,,,,,,,,,,,,
,,,,,,,,,,,,,,,,,,,,,,,,,,,
,,,,,,,,,,,,,,,,,,,,,,,,,,,
,,,,,,,,,,,,,,,,,,,,,,,,,,,
,,,,,,,,,,,,,,,,,,,,,,,,,,,
,,,,,,,,,,,,,,,,,,,,,,,,,,,
,,,,,,,,,,,,,,,,,,,,,,,,,,,
,,,,,,,,,,,,,,,,,,,,,,,,,,,
,,,,,,,,,,,,,,,,,,,,,,,,,,,
,,,,,,,,,,,,,,,,,,,,,,,,,,,
,,,,,,,,,,,,,,,,,,,,,,,,,,,
,,,,,,,,,,,,,,,,,,,,,,,,,,,
,,,,,,,,,,,,,,,,,,,,,,,,,,,
,,,,,,,,,,,,,,,,,,,,,,,,,,,
,,,,,,,,,,,,,,,,,,,,,,,,,,,
,,,,,,,,,,,,,,,,,,,,,,,,,,,
,,,,,,,,,,,,,,,,,,,,,,,,,,,
,,,,,,,,,,,,,,,,,,,,,,,,,,,
,,,,,,,,,,,,,,,,,,,,,,,,,,,
,,,,,,,,,,,,,,,,,,,,,,,,,,,
,,,,,,,,,,,,,,,,,,,,,,,,,,,
,,,,,,,,,,,,,,,,,,,,,,,,,,,
,,,,,,,,,,,,,,,,,,,,,,,,,,,
,,,,,,,,,,,,,,,,,,,,,,,,,,,
,,,,,,,,,,,,,,,,,,,,,,,,,,,
,,,,,,,,,,,,,,,,,,,,,,,,,,,
,,,,,,,,,,,,,,,,,,,,,,,,,,,
,,,,,,,,,,,,,,,,,,,,,,,,,,,
,,,,,,,,,,,,,,,,,,,,,,,,,,,
,,,,,,,,,,,,,,,,,,,,,,,,,,,
,,,,,,,,,,,,,,,,,,,,,,,,,,,
,,,,,,,,,,,,,,,,,,,,,,,,,,,
,,,,,,,,,,,,,,,,,,,,,,,,,,,
,,,,,,,,,,,,,,,,,,,,,,,,,,,
,,,,,,,,,,,,,,,,,,,,,,,,,,,
,,,,,,,,,,,,,,,,,,,,,,,,,,,
,,,,,,,,,,,,,,,,,,,,,,,,,,,
,,,,,,,,,,,,,,,,,,,,,,,,,,,
,,,,,,,,,,,,,,,,,,,,,,,,,,,
,,,,,,,,,,,,,,,,,,,,,,,,,,,
,,,,,,,,,,,,,,,,,,,,,,,,,,,
,,,,,,,,,,,,,,,,,,,,,,,,,,,
,,,,,,,,,,,,,,,,,,,,,,,,,,,
,,,,,,,,,,,,,,,,,,,,,,,,,,,
,,,,,,,,,,,,,,,,,,,,,,,,,,,
,,,,,,,,,,,,,,,,,,,,,,,,,,,
,,,,,,,,,,,,,,,,,,,,,,,,,,,
,,,,,,,,,,,,,,,,,,,,,,,,,,,
,,,,,,,,,,,,,,,,,,,,,,,,,,,
,,,,,,,,,,,,,,,,,,,,,,,,,,,
,,,,,,,,,,,,,,,,,,,,,,,,,,,
,,,,,,,,,,,,,,,,,,,,,,,,,,,
,,,,,,,,,,,,,,,,,,,,,,,,,,,
,,,,,,,,,,,,,,,,,,,,,,,,,,,
,,,,,,,,,,,,,,,,,,,,,,,,,,,
,,,,,,,,,,,,,,,,,,,,,,,,,,,
,,,,,,,,,,,,,,,,,,,,,,,,,,,
,,,,,,,,,,,,,,,,,,,,,,,,,,,
,,,,,,,,,,,,,,,,,,,,,,,,,,,
,,,,,,,,,,,,,,,,,,,,,,,,,,,
,,,,,,,,,,,,,,,,,,,,,,,,,,,
,,,,,,,,,,,,,,,,,,,,,,,,,,,
,,,,,,,,,,,,,,,,,,,,,,,,,,,
,,,,,,,,,,,,,,,,,,,,,,,,,,,
,,,,,,,,,,,,,,,,,,,,,,,,,,,
,,,,,,,,,,,,,,,,,,,,,,,,,,,
,,,,,,,,,,,,,,,,,,,,,,,,,,,
,,,,,,,,,,,,,,,,,,,,,,,,,,,
,,,,,,,,,,,,,,,,,,,,,,,,,,,
,,,,,,,,,,,,,,,,,,,,,,,,,,,
,,,,,,,,,,,,,,,,,,,,,,,,,,,
,,,,,,,,,,,,,,,,,,,,,,,,,,,
,,,,,,,,,,,,,,,,,,,,,,,,,,,
,,,,,,,,,,,,,,,,,,,,,,,,,,,
,,,,,,,,,,,,,,,,,,,,,,,,,,,
,,,,,,,,,,,,,,,,,,,,,,,,,,,
,,,,,,,,,,,,,,,,,,,,,,,,,,,
,,,,,,,,,,,,,,,,,,,,,,,,,,,
,,,,,,,,,,,,,,,,,,,,,,,,,,,
,,,,,,,,,,,,,,,,,,,,,,,,,,,
,,,,,,,,,,,,,,,,,,,,,,,,,,,
,,,,,,,,,,,,,,,,,,,,,,,,,,,
,,,,,,,,,,,,,,,,,,,,,,,,,,,
,,,,,,,,,,,,,,,,,,,,,,,,,,,
,,,,,,,,,,,,,,,,,,,,,,,,,,,
,,,,,,,,,,,,,,,,,,,,,,,,,,,
,,,,,,,,,,,,,,,,,,,,,,,,,,,
,,,,,,,,,,,,,,,,,,,,,,,,,,,
,,,,,,,,,,,,,,,,,,,,,,,,,,,
,,,,,,,,,,,,,,,,,,,,,,,,,,,
,,,,,,,,,,,,,,,,,,,,,,,,,,,
,,,,,,,,,,,,,,,,,,,,,,,,,,,
,,,,,,,,,,,,,,,,,,,,,,,,,,,
,,,,,,,,,,,,,,,,,,,,,,,,,,,
,,,,,,,,,,,,,,,,,,,,,,,,,,,
,,,,,,,,,,,,,,,,,,,,,,,,,,,
,,,,,,,,,,,,,,,,,,,,,,,,,,,
,,,,,,,,,,,,,,,,,,,,,,,,,,,
,,,,,,,,,,,,,,,,,,,,,,,,,,,
,,,,,,,,,,,,,,,,,,,,,,,,,,,
,,,,,,,,,,,,,,,,,,,,,,,,,,,
,,,,,,,,,,,,,,,,,,,,,,,,,,,
,,,,,,,,,,,,,,,,,,,,,,,,,,,
,,,,,,,,,,,,,,,,,,,,,,,,,,,
,,,,,,,,,,,,,,,,,,,,,,,,,,,
,,,,,,,,,,,,,,,,,,,,,,,,,,,
,,,,,,,,,,,,,,,,,,,,,,,,,,,
,,,,,,,,,,,,,,,,,,,,,,,,,,,
,,,,,,,,,,,,,,,,,,,,,,,,,,,
,,,,,,,,,,,,,,,,,,,,,,,,,,,
,,,,,,,,,,,,,,,,,,,,,,,,,,,
,,,,,,,,,,,,,,,,,,,,,,,,,,,
,,,,,,,,,,,,,,,,,,,,,,,,,,,
,,,,,,,,,,,,,,,,,,,,,,,,,,,
,,,,,,,,,,,,,,,,,,,,,,,,,,,
,,,,,,,,,,,,,,,,,,,,,,,,,,,
,,,,,,,,,,,,,,,,,,,,,,,,,,,
,,,,,,,,,,,,,,,,,,,,,,,,,,,
,,,,,,,,,,,,,,,,,,,,,,,,,,,
,,,,,,,,,,,,,,,,,,,,,,,,,,,
,,,,,,,,,,,,,,,,,,,,,,,,,,,
,,,,,,,,,,,,,,,,,,,,,,,,,,,
,,,,,,,,,,,,,,,,,,,,,,,,,,,
,,,,,,,,,,,,,,,,,,,,,,,,,,,
,,,,,,,,,,,,,,,,,,,,,,,,,,,
,,,,,,,,,,,,,,,,,,,,,,,,,,,
,,,,,,,,,,,,,,,,,,,,,,,,,,,
,,,,,,,,,,,,,,,,,,,,,,,,,,,
,,,,,,,,,,,,,,,,,,,,,,,,,,,
,,,,,,,,,,,,,,,,,,,,,,,,,,,
,,,,,,,,,,,,,,,,,,,,,,,,,,,
,,,,,,,,,,,,,,,,,,,,,,,,,,,
,,,,,,,,,,,,,,,,,,,,,,,,,,,
,,,,,,,,,,,,,,,,,,,,,,,,,,,
,,,,,,,,,,,,,,,,,,,,,,,,,,,
,,,,,,,,,,,,,,,,,,,,,,,,,,,
,,,,,,,,,,,,,,,,,,,,,,,,,,,
,,,,,,,,,,,,,,,,,,,,,,,,,,,
,,,,,,,,,,,,,,,,,,,,,,,,,,,
,,,,,,,,,,,,,,,,,,,,,,,,,,,
,,,,,,,,,,,,,,,,,,,,,,,,,,,
,,,,,,,,,,,,,,,,,,,,,,,,,,,
,,,,,,,,,,,,,,,,,,,,,,,,,,,
,,,,,,,,,,,,,,,,,,,,,,,,,,,
,,,,,,,,,,,,,,,,,,,,,,,,,,,
,,,,,,,,,,,,,,,,,,,,,,,,,,,
,,,,,,,,,,,,,,,,,,,,,,,,,,,
,,,,,,,,,,,,,,,,,,,,,,,,,,,
,,,,,,,,,,,,,,,,,,,,,,,,,,,
,,,,,,,,,,,,,,,,,,,,,,,,,,,
,,,,,,,,,,,,,,,,,,,,,,,,,,,
,,,,,,,,,,,,,,,,,,,,,,,,,,,
,,,,,,,,,,,,,,,,,,,,,,,,,,,
,,,,,,,,,,,,,,,,,,,,,,,,,,,
,,,,,,,,,,,,,,,,,,,,,,,,,,,
,,,,,,,,,,,,,,,,,,,,,,,,,,,
,,,,,,,,,,,,,,,,,,,,,,,,,,,
,,,,,,,,,,,,,,,,,,,,,,,,,,,
,,,,,,,,,,,,,,,,,,,,,,,,,,,
,,,,,,,,,,,,,,,,,,,,,,,,,,,
,,,,,,,,,,,,,,,,,,,,,,,,,,,
,,,,,,,,,,,,,,,,,,,,,,,,,,,
,,,,,,,,,,,,,,,,,,,,,,,,,,,
,,,,,,,,,,,,,,,,,,,,,,,,,,,
,,,,,,,,,,,,,,,,,,,,,,,,,,,
,,,,,,,,,,,,,,,,,,,,,,,,,,,
,,,,,,,,,,,,,,,,,,,,,,,,,,,
,,,,,,,,,,,,,,,,,,,,,,,,,,,
,,,,,,,,,,,,,,,,,,,,,,,,,,,
,,,,,,,,,,,,,,,,,,,,,,,,,,,
,,,,,,,,,,,,,,,,,,,,,,,,,,,
,,,,,,,,,,,,,,,,,,,,,,,,,,,
,,,,,,,,,,,,,,,,,,,,,,,,,,,
,,,,,,,,,,,,,,,,,,,,,,,,,,,
,,,,,,,,,,,,,,,,,,,,,,,,,,,
,,,,,,,,,,,,,,,,,,,,,,,,,,,
,,,,,,,,,,,,,,,,,,,,,,,,,,,
,,,,,,,,,,,,,,,,,,,,,,,,,,,
,,,,,,,,,,,,,,,,,,,,,,,,,,,
,,,,,,,,,,,,,,,,,,,,,,,,,,,
,,,,,,,,,,,,,,,,,,,,,,,,,,,
,,,,,,,,,,,,,,,,,,,,,,,,,,,
,,,,,,,,,,,,,,,,,,,,,,,,,,,
,,,,,,,,,,,,,,,,,,,,,,,,,,,
,,,,,,,,,,,,,,,,,,,,,,,,,,,
,,,,,,,,,,,,,,,,,,,,,,,,,,,
,,,,,,,,,,,,,,,,,,,,,,,,,,,
,,,,,,,,,,,,,,,,,,,,,,,,,,,
,,,,,,,,,,,,,,,,,,,,,,,,,,,
,,,,,,,,,,,,,,,,,,,,,,,,,,,
,,,,,,,,,,,,,,,,,,,,,,,,,,,
,,,,,,,,,,,,,,,,,,,,,,,,,,,
,,,,,,,,,,,,,,,,,,,,,,,,,,,
,,,,,,,,,,,,,,,,,,,,,,,,,,,
,,,,,,,,,,,,,,,,,,,,,,,,,,,
,,,,,,,,,,,,,,,,,,,,,,,,,,,
,,,,,,,,,,,,,,,,,,,,,,,,,,,
,,,,,,,,,,,,,,,,,,,,,,,,,,,
,,,,,,,,,,,,,,,,,,,,,,,,,,,
,,,,,,,,,,,,,,,,,,,,,,,,,,,
,,,,,,,,,,,,,,,,,,,,,,,,,,,
,,,,,,,,,,,,,,,,,,,,,,,,,,,
,,,,,,,,,,,,,,,,,,,,,,,,,,,
,,,,,,,,,,,,,,,,,,,,,,,,,,,
,,,,,,,,,,,,,,,,,,,,,,,,,,,
,,,,,,,,,,,,,,,,,,,,,,,,,,,
,,,,,,,,,,,,,,,,,,,,,,,,,,,
,,,,,,,,,,,,,,,,,,,,,,,,,,,
,,,,,,,,,,,,,,,,,,,,,,,,,,,
,,,,,,,,,,,,,,,,,,,,,,,,,,,
,,,,,,,,,,,,,,,,,,,,,,,,,,,
,,,,,,,,,,,,,,,,,,,,,,,,,,,
,,,,,,,,,,,,,,,,,,,,,,,,,,,
,,,,,,,,,,,,,,,,,,,,,,,,,,,
,,,,,,,,,,,,,,,,,,,,,,,,,,,
,,,,,,,,,,,,,,,,,,,,,,,,,,,
,,,,,,,,,,,,,,,,,,,,,,,,,,,
,,,,,,,,,,,,,,,,,,,,,,,,,,,
,,,,,,,,,,,,,,,,,,,,,,,,,,,
,,,,,,,,,,,,,,,,,,,,,,,,,,,
,,,,,,,,,,,,,,,,,,,,,,,,,,,
,,,,,,,,,,,,,,,,,,,,,,,,,,,
,,,,,,,,,,,,,,,,,,,,,,,,,,,
,,,,,,,,,,,,,,,,,,,,,,,,,,,
,,,,,,,,,,,,,,,,,,,,,,,,,,,
,,,,,,,,,,,,,,,,,,,,,,,,,,,
,,,,,,,,,,,,,,,,,,,,,,,,,,,
,,,,,,,,,,,,,,,,,,,,,,,,,,,
,,,,,,,,,,,,,,,,,,,,,,,,,,,
,,,,,,,,,,,,,,,,,,,,,,,,,,,
,,,,,,,,,,,,,,,,,,,,,,,,,,,
,,,,,,,,,,,,,,,,,,,,,,,,,,,
,,,,,,,,,,,,,,,,,,,,,,,,,,,
,,,,,,,,,,,,,,,,,,,,,,,,,,,
,,,,,,,,,,,,,,,,,,,,,,,,,,,
,,,,,,,,,,,,,,,,,,,,,,,,,,,
,,,,,,,,,,,,,,,,,,,,,,,,,,,
,,,,,,,,,,,,,,,,,,,,,,,,,,,
,,,,,,,,,,,,,,,,,,,,,,,,,,,
,,,,,,,,,,,,,,,,,,,,,,,,,,,
,,,,,,,,,,,,,,,,,,,,,,,,,,,
,,,,,,,,,,,,,,,,,,,,,,,,,,,
,,,,,,,,,,,,,,,,,,,,,,,,,,,
,,,,,,,,,,,,,,,,,,,,,,,,,,,
,,,,,,,,,,,,,,,,,,,,,,,,,,,
,,,,,,,,,,,,,,,,,,,,,,,,,,,
,,,,,,,,,,,,,,,,,,,,,,,,,,,
,,,,,,,,,,,,,,,,,,,,,,,,,,,
,,,,,,,,,,,,,,,,,,,,,,,,,,,
,,,,,,,,,,,,,,,,,,,,,,,,,,,
,,,,,,,,,,,,,,,,,,,,,,,,,,,
,,,,,,,,,,,,,,,,,,,,,,,,,,,
,,,,,,,,,,,,,,,,,,,,,,,,,,,
,,,,,,,,,,,,,,,,,,,,,,,,,,,
,,,,,,,,,,,,,,,,,,,,,,,,,,,
,,,,,,,,,,,,,,,,,,,,,,,,,,,
,,,,,,,,,,,,,,,,,,,,,,,,,,,
,,,,,,,,,,,,,,,,,,,,,,,,,,,
,,,,,,,,,,,,,,,,,,,,,,,,,,,
,,,,,,,,,,,,,,,,,,,,,,,,,,,
,,,,,,,,,,,,,,,,,,,,,,,,,,,
,,,,,,,,,,,,,,,,,,,,,,,,,,,
,,,,,,,,,,,,,,,,,,,,,,,,,,,
,,,,,,,,,,,,,,,,,,,,,,,,,,,
,,,,,,,,,,,,,,,,,,,,,,,,,,,
,,,,,,,,,,,,,,,,,,,,,,,,,,,
,,,,,,,,,,,,,,,,,,,,,,,,,,,
,,,,,,,,,,,,,,,,,,,,,,,,,,,
,,,,,,,,,,,,,,,,,,,,,,,,,,,
,,,,,,,,,,,,,,,,,,,,,,,,,,,
,,,,,,,,,,,,,,,,,,,,,,,,,,,
,,,,,,,,,,,,,,,,,,,,,,,,,,,
,,,,,,,,,,,,,,,,,,,,,,,,,,,
,,,,,,,,,,,,,,,,,,,,,,,,,,,
,,,,,,,,,,,,,,,,,,,,,,,,,,,
,,,,,,,,,,,,,,,,,,,,,,,,,,,
,,,,,,,,,,,,,,,,,,,,,,,,,,,
,,,,,,,,,,,,,,,,,,,,,,,,,,,
,,,,,,,,,,,,,,,,,,,,,,,,,,,
,,,,,,,,,,,,,,,,,,,,,,,,,,,
,,,,,,,,,,,,,,,,,,,,,,,,,,,
,,,,,,,,,,,,,,,,,,,,,,,,,,,
,,,,,,,,,,,,,,,,,,,,,,,,,,,
,,,,,,,,,,,,,,,,,,,,,,,,,,,
,,,,,,,,,,,,,,,,,,,,,,,,,,,
,,,,,,,,,,,,,,,,,,,,,,,,,,,
,,,,,,,,,,,,,,,,,,,,,,,,,,,
,,,,,,,,,,,,,,,,,,,,,,,,,,,
,,,,,,,,,,,,,,,,,,,,,,,,,,,
,,,,,,,,,,,,,,,,,,,,,,,,,,,
,,,,,,,,,,,,,,,,,,,,,,,,,,,
,,,,,,,,,,,,,,,,,,,,,,,,,,,
,,,,,,,,,,,,,,,,,,,,,,,,,,,
,,,,,,,,,,,,,,,,,,,,,,,,,,,
,,,,,,,,,,,,,,,,,,,,,,,,,,,
,,,,,,,,,,,,,,,,,,,,,,,,,,,
,,,,,,,,,,,,,,,,,,,,,,,,,,,
,,,,,,,,,,,,,,,,,,,,,,,,,,,
,,,,,,,,,,,,,,,,,,,,,,,,,,,
,,,,,,,,,,,,,,,,,,,,,,,,,,,
,,,,,,,,,,,,,,,,,,,,,,,,,,,
,,,,,,,,,,,,,,,,,,,,,,,,,,,
,,,,,,,,,,,,,,,,,,,,,,,,,,,
,,,,,,,,,,,,,,,,,,,,,,,,,,,
,,,,,,,,,,,,,,,,,,,,,,,,,,,
,,,,,,,,,,,,,,,,,,,,,,,,,,,
,,,,,,,,,,,,,,,,,,,,,,,,,,,
,,,,,,,,,,,,,,,,,,,,,,,,,,,
,,,,,,,,,,,,,,,,,,,,,,,,,,,
,,,,,,,,,,,,,,,,,,,,,,,,,,,
,,,,,,,,,,,,,,,,,,,,,,,,,,,
,,,,,,,,,,,,,,,,,,,,,,,,,,,
,,,,,,,,,,,,,,,,,,,,,,,,,,,
,,,,,,,,,,,,,,,,,,,,,,,,,,,
,,,,,,,,,,,,,,,,,,,,,,,,,,,
,,,,,,,,,,,,,,,,,,,,,,,,,,,
,,,,,,,,,,,,,,,,,,,,,,,,,,,
,,,,,,,,,,,,,,,,,,,,,,,,,,,
,,,,,,,,,,,,,,,,,,,,,,,,,,,
,,,,,,,,,,,,,,,,,,,,,,,,,,,
,,,,,,,,,,,,,,,,,,,,,,,,,,,
,,,,,,,,,,,,,,,,,,,,,,,,,,,
,,,,,,,,,,,,,,,,,,,,,,,,,,,
,,,,,,,,,,,,,,,,,,,,,,,,,,,
,,,,,,,,,,,,,,,,,,,,,,,,,,,
,,,,,,,,,,,,,,,,,,,,,,,,,,,
,,,,,,,,,,,,,,,,,,,,,,,,,,,
,,,,,,,,,,,,,,,,,,,,,,,,,,,
,,,,,,,,,,,,,,,,,,,,,,,,,,,
,,,,,,,,,,,,,,,,,,,,,,,,,,,
,,,,,,,,,,,,,,,,,,,,,,,,,,,
,,,,,,,,,,,,,,,,,,,,,,,,,,,
,,,,,,,,,,,,,,,,,,,,,,,,,,,
,,,,,,,,,,,,,,,,,,,,,,,,,,,
,,,,,,,,,,,,,,,,,,,,,,,,,,,
,,,,,,,,,,,,,,,,,,,,,,,,,,,
,,,,,,,,,,,,,,,,,,,,,,,,,,,
,,,,,,,,,,,,,,,,,,,,,,,,,,,
,,,,,,,,,,,,,,,,,,,,,,,,,,,
,,,,,,,,,,,,,,,,,,,,,,,,,,,
,,,,,,,,,,,,,,,,,,,,,,,,,,,
,,,,,,,,,,,,,,,,,,,,,,,,,,,
,,,,,,,,,,,,,,,,,,,,,,,,,,,
,,,,,,,,,,,,,,,,,,,,,,,,,,,
,,,,,,,,,,,,,,,,,,,,,,,,,,,
,,,,,,,,,,,,,,,,,,,,,,,,,,,
,,,,,,,,,,,,,,,,,,,,,,,,,,,
,,,,,,,,,,,,,,,,,,,,,,,,,,,
,,,,,,,,,,,,,,,,,,,,,,,,,,,
,,,,,,,,,,,,,,,,,,,,,,,,,,,
,,,,,,,,,,,,,,,,,,,,,,,,,,,
,,,,,,,,,,,,,,,,,,,,,,,,,,,
,,,,,,,,,,,,,,,,,,,,,,,,,,,
,,,,,,,,,,,,,,,,,,,,,,,,,,,
,,,,,,,,,,,,,,,,,,,,,,,,,,,
,,,,,,,,,,,,,,,,,,,,,,,,,,,
,,,,,,,,,,,,,,,,,,,,,,,,,,,
,,,,,,,,,,,,,,,,,,,,,,,,,,,
,,,,,,,,,,,,,,,,,,,,,,,,,,,
,,,,,,,,,,,,,,,,,,,,,,,,,,,
,,,,,,,,,,,,,,,,,,,,,,,,,,,
,,,,,,,,,,,,,,,,,,,,,,,,,,,
,,,,,,,,,,,,,,,,,,,,,,,,,,,
,,,,,,,,,,,,,,,,,,,,,,,,,,,
,,,,,,,,,,,,,,,,,,,,,,,,,,,
,,,,,,,,,,,,,,,,,,,,,,,,,,,
,,,,,,,,,,,,,,,,,,,,,,,,,,,
,,,,,,,,,,,,,,,,,,,,,,,,,,,
,,,,,,,,,,,,,,,,,,,,,,,,,,,
,,,,,,,,,,,,,,,,,,,,,,,,,,,
,,,,,,,,,,,,,,,,,,,,,,,,,,,
,,,,,,,,,,,,,,,,,,,,,,,,,,,
,,,,,,,,,,,,,,,,,,,,,,,,,,,
,,,,,,,,,,,,,,,,,,,,,,,,,,,
,,,,,,,,,,,,,,,,,,,,,,,,,,,
,,,,,,,,,,,,,,,,,,,,,,,,,,,
,,,,,,,,,,,,,,,,,,,,,,,,,,,
,,,,,,,,,,,,,,,,,,,,,,,,,,,
,,,,,,,,,,,,,,,,,,,,,,,,,,,
,,,,,,,,,,,,,,,,,,,,,,,,,,,
,,,,,,,,,,,,,,,,,,,,,,,,,,,
,,,,,,,,,,,,,,,,,,,,,,,,,,,
,,,,,,,,,,,,,,,,,,,,,,,,,,,
,,,,,,,,,,,,,,,,,,,,,,,,,,,
,,,,,,,,,,,,,,,,,,,,,,,,,,,
,,,,,,,,,,,,,,,,,,,,,,,,,,,
,,,,,,,,,,,,,,,,,,,,,,,,,,,
,,,,,,,,,,,,,,,,,,,,,,,,,,,
,,,,,,,,,,,,,,,,,,,,,,,,,,,
,,,,,,,,,,,,,,,,,,,,,,,,,,,
,,,,,,,,,,,,,,,,,,,,,,,,,,,
,,,,,,,,,,,,,,,,,,,,,,,,,,,
,,,,,,,,,,,,,,,,,,,,,,,,,,,
,,,,,,,,,,,,,,,,,,,,,,,,,,,
,,,,,,,,,,,,,,,,,,,,,,,,,,,
,,,,,,,,,,,,,,,,,,,,,,,,,,,
,,,,,,,,,,,,,,,,,,,,,,,,,,,
,,,,,,,,,,,,,,,,,,,,,,,,,,,
,,,,,,,,,,,,,,,,,,,,,,,,,,,
,,,,,,,,,,,,,,,,,,,,,,,,,,,
,,,,,,,,,,,,,,,,,,,,,,,,,,,
,,,,,,,,,,,,,,,,,,,,,,,,,,,
,,,,,,,,,,,,,,,,,,,,,,,,,,,
,,,,,,,,,,,,,,,,,,,,,,,,,,,
,,,,,,,,,,,,,,,,,,,,,,,,,,,
,,,,,,,,,,,,,,,,,,,,,,,,,,,
,,,,,,,,,,,,,,,,,,,,,,,,,,,
,,,,,,,,,,,,,,,,,,,,,,,,,,,
,,,,,,,,,,,,,,,,,,,,,,,,,,,
,,,,,,,,,,,,,,,,,,,,,,,,,,,
,,,,,,,,,,,,,,,,,,,,,,,,,,,
,,,,,,,,,,,,,,,,,,,,,,,,,,,
,,,,,,,,,,,,,,,,,,,,,,,,,,,
,,,,,,,,,,,,,,,,,,,,,,,,,,,
,,,,,,,,,,,,,,,,,,,,,,,,,,,
,,,,,,,,,,,,,,,,,,,,,,,,,,,
,,,,,,,,,,,,,,,,,,,,,,,,,,,
,,,,,,,,,,,,,,,,,,,,,,,,,,,
,,,,,,,,,,,,,,,,,,,,,,,,,,,
,,,,,,,,,,,,,,,,,,,,,,,,,,,
,,,,,,,,,,,,,,,,,,,,,,,,,,,
,,,,,,,,,,,,,,,,,,,,,,,,,,,
,,,,,,,,,,,,,,,,,,,,,,,,,,,
,,,,,,,,,,,,,,,,,,,,,,,,,,,
,,,,,,,,,,,,,,,,,,,,,,,,,,,
,,,,,,,,,,,,,,,,,,,,,,,,,,,
,,,,,,,,,,,,,,,,,,,,,,,,,,,
,,,,,,,,,,,,,,,,,,,,,,,,,,,
,,,,,,,,,,,,,,,,,,,,,,,,,,,
,,,,,,,,,,,,,,,,,,,,,,,,,,,
,,,,,,,,,,,,,,,,,,,,,,,,,,,
,,,,,,,,,,,,,,,,,,,,,,,,,,,
,,,,,,,,,,,,,,,,,,,,,,,,,,,
,,,,,,,,,,,,,,,,,,,,,,,,,,,
,,,,,,,,,,,,,,,,,,,,,,,,,,,
,,,,,,,,,,,,,,,,,,,,,,,,,,,
,,,,,,,,,,,,,,,,,,,,,,,,,,,
,,,,,,,,,,,,,,,,,,,,,,,,,,,
,,,,,,,,,,,,,,,,,,,,,,,,,,,
,,,,,,,,,,,,,,,,,,,,,,,,,,,
,,,,,,,,,,,,,,,,,,,,,,,,,,,
,,,,,,,,,,,,,,,,,,,,,,,,,,,
,,,,,,,,,,,,,,,,,,,,,,,,,,,
,,,,,,,,,,,,,,,,,,,,,,,,,,,
,,,,,,,,,,,,,,,,,,,,,,,,,,,
,,,,,,,,,,,,,,,,,,,,,,,,,,,
,,,,,,,,,,,,,,,,,,,,,,,,,,,
,,,,,,,,,,,,,,,,,,,,,,,,,,,
,,,,,,,,,,,,,,,,,,,,,,,,,,,
,,,,,,,,,,,,,,,,,,,,,,,,,,,
,,,,,,,,,,,,,,,,,,,,,,,,,,,
,,,,,,,,,,,,,,,,,,,,,,,,,,,
,,,,,,,,,,,,,,,,,,,,,,,,,,,
,,,,,,,,,,,,,,,,,,,,,,,,,,,
,,,,,,,,,,,,,,,,,,,,,,,,,,,
,,,,,,,,,,,,,,,,,,,,,,,,,,,
,,,,,,,,,,,,,,,,,,,,,,,,,,,
,,,,,,,,,,,,,,,,,,,,,,,,,,,
,,,,,,,,,,,,,,,,,,,,,,,,,,,
,,,,,,,,,,,,,,,,,,,,,,,,,,,
,,,,,,,,,,,,,,,,,,,,,,,,,,,
,,,,,,,,,,,,,,,,,,,,,,,,,,,
,,,,,,,,,,,,,,,,,,,,,,,,,,,
,,,,,,,,,,,,,,,,,,,,,,,,,,,
,,,,,,,,,,,,,,,,,,,,,,,,,,,
,,,,,,,,,,,,,,,,,,,,,,,,,,,
,,,,,,,,,,,,,,,,,,,,,,,,,,,
,,,,,,,,,,,,,,,,,,,,,,,,,,,
,,,,,,,,,,,,,,,,,,,,,,,,,,,
,,,,,,,,,,,,,,,,,,,,,,,,,,,
,,,,,,,,,,,,,,,,,,,,,,,,,,,
,,,,,,,,,,,,,,,,,,,,,,,,,,,
,,,,,,,,,,,,,,,,,,,,,,,,,,,
,,,,,,,,,,,,,,,,,,,,,,,,,,,
,,,,,,,,,,,,,,,,,,,,,,,,,,,
,,,,,,,,,,,,,,,,,,,,,,,,,,,
,,,,,,,,,,,,,,,,,,,,,,,,,,,
,,,,,,,,,,,,,,,,,,,,,,,,,,,
,,,,,,,,,,,,,,,,,,,,,,,,,,,
,,,,,,,,,,,,,,,,,,,,,,,,,,,
,,,,,,,,,,,,,,,,,,,,,,,,,,,
,,,,,,,,,,,,,,,,,,,,,,,,,,,
,,,,,,,,,,,,,,,,,,,,,,,,,,,
,,,,,,,,,,,,,,,,,,,,,,,,,,,
,,,,,,,,,,,,,,,,,,,,,,,,,,,
,,,,,,,,,,,,,,,,,,,,,,,,,,,
,,,,,,,,,,,,,,,,,,,,,,,,,,,
,,,,,,,,,,,,,,,,,,,,,,,,,,,
,,,,,,,,,,,,,,,,,,,,,,,,,,,
,,,,,,,,,,,,,,,,,,,,,,,,,,,
,,,,,,,,,,,,,,,,,,,,,,,,,,,
,,,,,,,,,,,,,,,,,,,,,,,,,,,
,,,,,,,,,,,,,,,,,,,,,,,,,,,
,,,,,,,,,,,,,,,,,,,,,,,,,,,
,,,,,,,,,,,,,,,,,,,,,,,,,,,
,,,,,,,,,,,,,,,,,,,,,,,,,,,
,,,,,,,,,,,,,,,,,,,,,,,,,,,
,,,,,,,,,,,,,,,,,,,,,,,,,,,
,,,,,,,,,,,,,,,,,,,,,,,,,,,
,,,,,,,,,,,,,,,,,,,,,,,,,,,
,,,,,,,,,,,,,,,,,,,,,,,,,,,
,,,,,,,,,,,,,,,,,,,,,,,,,,,
,,,,,,,,,,,,,,,,,,,,,,,,,,,
,,,,,,,,,,,,,,,,,,,,,,,,,,,
,,,,,,,,,,,,,,,,,,,,,,,,,,,
,,,,,,,,,,,,,,,,,,,,,,,,,,,
,,,,,,,,,,,,,,,,,,,,,,,,,,,
,,,,,,,,,,,,,,,,,,,,,,,,,,,
,,,,,,,,,,,,,,,,,,,,,,,,,,,
,,,,,,,,,,,,,,,,,,,,,,,,,,,
,,,,,,,,,,,,,,,,,,,,,,,,,,,
,,,,,,,,,,,,,,,,,,,,,,,,,,,
,,,,,,,,,,,,,,,,,,,,,,,,,,,
,,,,,,,,,,,,,,,,,,,,,,,,,,,
,,,,,,,,,,,,,,,,,,,,,,,,,,,
,,,,,,,,,,,,,,,,,,,,,,,,,,,
,,,,,,,,,,,,,,,,,,,,,,,,,,,
,,,,,,,,,,,,,,,,,,,,,,,,,,,
,,,,,,,,,,,,,,,,,,,,,,,,,,,
,,,,,,,,,,,,,,,,,,,,,,,,,,,
,,,,,,,,,,,,,,,,,,,,,,,,,,,
,,,,,,,,,,,,,,,,,,,,,,,,,,,
,,,,,,,,,,,,,,,,,,,,,,,,,,,
,,,,,,,,,,,,,,,,,,,,,,,,,,,
,,,,,,,,,,,,,,,,,,,,,,,,,,,
,,,,,,,,,,,,,,,,,,,,,,,,,,,
,,,,,,,,,,,,,,,,,,,,,,,,,,,
,,,,,,,,,,,,,,,,,,,,,,,,,,,
,,,,,,,,,,,,,,,,,,,,,,,,,,,
,,,,,,,,,,,,,,,,,,,,,,,,,,,
,,,,,,,,,,,,,,,,,,,,,,,,,,,
,,,,,,,,,,,,,,,,,,,,,,,,,,,
,,,,,,,,,,,,,,,,,,,,,,,,,,,
,,,,,,,,,,,,,,,,,,,,,,,,,,,
,,,,,,,,,,,,,,,,,,,,,,,,,,,
,,,,,,,,,,,,,,,,,,,,,,,,,,,
,,,,,,,,,,,,,,,,,,,,,,,,,,,
,,,,,,,,,,,,,,,,,,,,,,,,,,,
,,,,,,,,,,,,,,,,,,,,,,,,,,,
,,,,,,,,,,,,,,,,,,,,,,,,,,,
,,,,,,,,,,,,,,,,,,,,,,,,,,,
,,,,,,,,,,,,,,,,,,,,,,,,,,,
,,,,,,,,,,,,,,,,,,,,,,,,,,,
,,,,,,,,,,,,,,,,,,,,,,,,,,,
,,,,,,,,,,,,,,,,,,,,,,,,,,,
,,,,,,,,,,,,,,,,,,,,,,,,,,,
,,,,,,,,,,,,,,,,,,,,,,,,,,,
,,,,,,,,,,,,,,,,,,,,,,,,,,,
,,,,,,,,,,,,,,,,,,,,,,,,,,,
,,,,,,,,,,,,,,,,,,,,,,,,,,,
,,,,,,,,,,,,,,,,,,,,,,,,,,,
,,,,,,,,,,,,,,,,,,,,,,,,,,,
,,,,,,,,,,,,,,,,,,,,,,,,,,,
,,,,,,,,,,,,,,,,,,,,,,,,,,,
,,,,,,,,,,,,,,,,,,,,,,,,,,,
,,,,,,,,,,,,,,,,,,,,,,,,,,,
,,,,,,,,,,,,,,,,,,,,,,,,,,,
,,,,,,,,,,,,,,,,,,,,,,,,,,,
,,,,,,,,,,,,,,,,,,,,,,,,,,,
,,,,,,,,,,,,,,,,,,,,,,,,,,,
,,,,,,,,,,,,,,,,,,,,,,,,,,,
,,,,,,,,,,,,,,,,,,,,,,,,,,,
,,,,,,,,,,,,,,,,,,,,,,,,,,,
,,,,,,,,,,,,,,,,,,,,,,,,,,,
,,,,,,,,,,,,,,,,,,,,,,,,,,,
,,,,,,,,,,,,,,,,,,,,,,,,,,,
,,,,,,,,,,,,,,,,,,,,,,,,,,,
,,,,,,,,,,,,,,,,,,,,,,,,,,,
,,,,,,,,,,,,,,,,,,,,,,,,,,,
,,,,,,,,,,,,,,,,,,,,,,,,,,,
,,,,,,,,,,,,,,,,,,,,,,,,,,,
,,,,,,,,,,,,,,,,,,,,,,,,,,,
,,,,,,,,,,,,,,,,,,,,,,,,,,,
,,,,,,,,,,,,,,,,,,,,,,,,,,,
,,,,,,,,,,,,,,,,,,,,,,,,,,,
,,,,,,,,,,,,,,,,,,,,,,,,,,,
,,,,,,,,,,,,,,,,,,,,,,,,,,,
,,,,,,,,,,,,,,,,,,,,,,,,,,,
,,,,,,,,,,,,,,,,,,,,,,,,,,,
,,,,,,,,,,,,,,,,,,,,,,,,,,,
,,,,,,,,,,,,,,,,,,,,,,,,,,,
,,,,,,,,,,,,,,,,,,,,,,,,,,,
,,,,,,,,,,,,,,,,,,,,,,,,,,,
,,,,,,,,,,,,,,,,,,,,,,,,,,,
,,,,,,,,,,,,,,,,,,,,,,,,,,,
,,,,,,,,,,,,,,,,,,,,,,,,,,,
,,,,,,,,,,,,,,,,,,,,,,,,,,,
,,,,,,,,,,,,,,,,,,,,,,,,,,,
,,,,,,,,,,,,,,,,,,,,,,,,,,,
,,,,,,,,,,,,,,,,,,,,,,,,,,,
,,,,,,,,,,,,,,,,,,,,,,,,,,,
,,,,,,,,,,,,,,,,,,,,,,,,,,,
,,,,,,,,,,,,,,,,,,,,,,,,,,,
,,,,,,,,,,,,,,,,,,,,,,,,,,,
,,,,,,,,,,,,,,,,,,,,,,,,,,,
,,,,,,,,,,,,,,,,,,,,,,,,,,,
,,,,,,,,,,,,,,,,,,,,,,,,,,,
,,,,,,,,,,,,,,,,,,,,,,,,,,,
,,,,,,,,,,,,,,,,,,,,,,,,,,,
,,,,,,,,,,,,,,,,,,,,,,,,,,,
,,,,,,,,,,,,,,,,,,,,,,,,,,,
,,,,,,,,,,,,,,,,,,,,,,,,,,,
,,,,,,,,,,,,,,,,,,,,,,,,,,,
,,,,,,,,,,,,,,,,,,,,,,,,,,,
,,,,,,,,,,,,,,,,,,,,,,,,,,,
,,,,,,,,,,,,,,,,,,,,,,,,,,,
,,,,,,,,,,,,,,,,,,,,,,,,,,,
,,,,,,,,,,,,,,,,,,,,,,,,,,,
,,,,,,,,,,,,,,,,,,,,,,,,,,,
,,,,,,,,,,,,,,,,,,,,,,,,,,,
,,,,,,,,,,,,,,,,,,,,,,,,,,,
,,,,,,,,,,,,,,,,,,,,,,,,,,,
,,,,,,,,,,,,,,,,,,,,,,,,,,,
,,,,,,,,,,,,,,,,,,,,,,,,,,,
,,,,,,,,,,,,,,,,,,,,,,,,,,,
,,,,,,,,,,,,,,,,,,,,,,,,,,,
,,,,,,,,,,,,,,,,,,,,,,,,,,,
,,,,,,,,,,,,,,,,,,,,,,,,,,,
,,,,,,,,,,,,,,,,,,,,,,,,,,,
,,,,,,,,,,,,,,,,,,,,,,,,,,,
,,,,,,,,,,,,,,,,,,,,,,,,,,,
,,,,,,,,,,,,,,,,,,,,,,,,,,,
,,,,,,,,,,,,,,,,,,,,,,,,,,,
,,,,,,,,,,,,,,,,,,,,,,,,,,,
,,,,,,,,,,,,,,,,,,,,,,,,,,,
,,,,,,,,,,,,,,,,,,,,,,,,,,,
,,,,,,,,,,,,,,,,,,,,,,,,,,,
,,,,,,,,,,,,,,,,,,,,,,,,,,,
,,,,,,,,,,,,,,,,,,,,,,,,,,,
,,,,,,,,,,,,,,,,,,,,,,,,,,,
,,,,,,,,,,,,,,,,,,,,,,,,,,,
,,,,,,,,,,,,,,,,,,,,,,,,,,,
,,,,,,,,,,,,,,,,,,,,,,,,,,,
,,,,,,,,,,,,,,,,,,,,,,,,,,,
,,,,,,,,,,,,,,,,,,,,,,,,,,,
,,,,,,,,,,,,,,,,,,,,,,,,,,,
,,,,,,,,,,,,,,,,,,,,,,,,,,,
,,,,,,,,,,,,,,,,,,,,,,,,,,,
,,,,,,,,,,,,,,,,,,,,,,,,,,,
,,,,,,,,,,,,,,,,,,,,,,,,,,,
,,,,,,,,,,,,,,,,,,,,,,,,,,,
,,,,,,,,,,,,,,,,,,,,,,,,,,,
,,,,,,,,,,,,,,,,,,,,,,,,,,,
,,,,,,,,,,,,,,,,,,,,,,,,,,,
,,,,,,,,,,,,,,,,,,,,,,,,,,,
,,,,,,,,,,,,,,,,,,,,,,,,,,,
,,,,,,,,,,,,,,,,,,,,,,,,,,,
,,,,,,,,,,,,,,,,,,,,,,,,,,,
,,,,,,,,,,,,,,,,,,,,,,,,,,,
,,,,,,,,,,,,,,,,,,,,,,,,,,,
,,,,,,,,,,,,,,,,,,,,,,,,,,,
,,,,,,,,,,,,,,,,,,,,,,,,,,,
,,,,,,,,,,,,,,,,,,,,,,,,,,,
,,,,,,,,,,,,,,,,,,,,,,,,,,,
,,,,,,,,,,,,,,,,,,,,,,,,,,,
,,,,,,,,,,,,,,,,,,,,,,,,,,,
,,,,,,,,,,,,,,,,,,,,,,,,,,,
,,,,,,,,,,,,,,,,,,,,,,,,,,,
,,,,,,,,,,,,,,,,,,,,,,,,,,,
,,,,,,,,,,,,,,,,,,,,,,,,,,,
,,,,,,,,,,,,,,,,,,,,,,,,,,,
,,,,,,,,,,,,,,,,,,,,,,,,,,,
,,,,,,,,,,,,,,,,,,,,,,,,,,,
,,,,,,,,,,,,,,,,,,,,,,,,,,,
,,,,,,,,,,,,,,,,,,,,,,,,,,,
,,,,,,,,,,,,,,,,,,,,,,,,,,,
,,,,,,,,,,,,,,,,,,,,,,,,,,,
,,,,,,,,,,,,,,,,,,,,,,,,,,,
,,,,,,,,,,,,,,,,,,,,,,,,,,,
,,,,,,,,,,,,,,,,,,,,,,,,,,,
,,,,,,,,,,,,,,,,,,,,,,,,,,,
,,,,,,,,,,,,,,,,,,,,,,,,,,,
,,,,,,,,,,,,,,,,,,,,,,,,,,,
,,,,,,,,,,,,,,,,,,,,,,,,,,,
,,,,,,,,,,,,,,,,,,,,,,,,,,,
,,,,,,,,,,,,,,,,,,,,,,,,,,,
,,,,,,,,,,,,,,,,,,,,,,,,,,,
,,,,,,,,,,,,,,,,,,,,,,,,,,,
,,,,,,,,,,,,,,,,,,,,,,,,,,,
,,,,,,,,,,,,,,,,,,,,,,,,,,,
,,,,,,,,,,,,,,,,,,,,,,,,,,,
,,,,,,,,,,,,,,,,,,,,,,,,,,,
,,,,,,,,,,,,,,,,,,,,,,,,,,,
,,,,,,,,,,,,,,,,,,,,,,,,,,,
,,,,,,,,,,,,,,,,,,,,,,,,,,,
,,,,,,,,,,,,,,,,,,,,,,,,,,,
,,,,,,,,,,,,,,,,,,,,,,,,,,,
,,,,,,,,,,,,,,,,,,,,,,,,,,,
,,,,,,,,,,,,,,,,,,,,,,,,,,,
,,,,,,,,,,,,,,,,,,,,,,,,,,,
,,,,,,,,,,,,,,,,,,,,,,,,,,,
,,,,,,,,,,,,,,,,,,,,,,,,,,,
,,,,,,,,,,,,,,,,,,,,,,,,,,,
,,,,,,,,,,,,,,,,,,,,,,,,,,,
,,,,,,,,,,,,,,,,,,,,,,,,,,,
,,,,,,,,,,,,,,,,,,,,,,,,,,,
,,,,,,,,,,,,,,,,,,,,,,,,,,,
,,,,,,,,,,,,,,,,,,,,,,,,,,,
,,,,,,,,,,,,,,,,,,,,,,,,,,,
,,,,,,,,,,,,,,,,,,,,,,,,,,,
,,,,,,,,,,,,,,,,,,,,,,,,,,,
,,,,,,,,,,,,,,,,,,,,,,,,,,,
,,,,,,,,,,,,,,,,,,,,,,,,,,,
,,,,,,,,,,,,,,,,,,,,,,,,,,,
,,,,,,,,,,,,,,,,,,,,,,,,,,,
,,,,,,,,,,,,,,,,,,,,,,,,,,,
,,,,,,,,,,,,,,,,,,,,,,,,,,,
,,,,,,,,,,,,,,,,,,,,,,,,,,,
,,,,,,,,,,,,,,,,,,,,,,,,,,,
,,,,,,,,,,,,,,,,,,,,,,,,,,,
,,,,,,,,,,,,,,,,,,,,,,,,,,,
,,,,,,,,,,,,,,,,,,,,,,,,,,,
,,,,,,,,,,,,,,,,,,,,,,,,,,,
,,,,,,,,,,,,,,,,,,,,,,,,,,,
,,,,,,,,,,,,,,,,,,,,,,,,,,,
,,,,,,,,,,,,,,,,,,,,,,,,,,,
,,,,,,,,,,,,,,,,,,,,,,,,,,,
,,,,,,,,,,,,,,,,,,,,,,,,,,,
,,,,,,,,,,,,,,,,,,,,,,,,,,,
,,,,,,,,,,,,,,,,,,,,,,,,,,,
,,,,,,,,,,,,,,,,,,,,,,,,,,,
,,,,,,,,,,,,,,,,,,,,,,,,,,,
,,,,,,,,,,,,,,,,,,,,,,,,,,,
,,,,,,,,,,,,,,,,,,,,,,,,,,,
,,,,,,,,,,,,,,,,,,,,,,,,,,,
,,,,,,,,,,,,,,,,,,,,,,,,,,,
,,,,,,,,,,,,,,,,,,,,,,,,,,,
,,,,,,,,,,,,,,,,,,,,,,,,,,,
,,,,,,,,,,,,,,,,,,,,,,,,,,,
,,,,,,,,,,,,,,,,,,,,,,,,,,,
,,,,,,,,,,,,,,,,,,,,,,,,,,,
,,,,,,,,,,,,,,,,,,,,,,,,,,,
,,,,,,,,,,,,,,,,,,,,,,,,,,,
,,,,,,,,,,,,,,,,,,,,,,,,,,,
,,,,,,,,,,,,,,,,,,,,,,,,,,,
,,,,,,,,,,,,,,,,,,,,,,,,,,,
,,,,,,,,,,,,,,,,,,,,,,,,,,,
,,,,,,,,,,,,,,,,,,,,,,,,,,,
,,,,,,,,,,,,,,,,,,,,,,,,,,,
,,,,,,,,,,,,,,,,,,,,,,,,,,,
,,,,,,,,,,,,,,,,,,,,,,,,,,,
,,,,,,,,,,,,,,,,,,,,,,,,,,,
,,,,,,,,,,,,,,,,,,,,,,,,,,,
,,,,,,,,,,,,,,,,,,,,,,,,,,,
,,,,,,,,,,,,,,,,,,,,,,,,,,,
,,,,,,,,,,,,,,,,,,,,,,,,,,,
,,,,,,,,,,,,,,,,,,,,,,,,,,,
,,,,,,,,,,,,,,,,,,,,,,,,,,,
,,,,,,,,,,,,,,,,,,,,,,,,,,,
,,,,,,,,,,,,,,,,,,,,,,,,,,,
,,,,,,,,,,,,,,,,,,,,,,,,,,,
,,,,,,,,,,,,,,,,,,,,,,,,,,,
,,,,,,,,,,,,,,,,,,,,,,,,,,,
,,,,,,,,,,,,,,,,,,,,,,,,,,,
,,,,,,,,,,,,,,,,,,,,,,,,,,,
,,,,,,,,,,,,,,,,,,,,,,,,,,,
,,,,,,,,,,,,,,,,,,,,,,,,,,,
,,,,,,,,,,,,,,,,,,,,,,,,,,,
,,,,,,,,,,,,,,,,,,,,,,,,,,,
,,,,,,,,,,,,,,,,,,,,,,,,,,,
,,,,,,,,,,,,,,,,,,,,,,,,,,,
,,,,,,,,,,,,,,,,,,,,,,,,,,,
,,,,,,,,,,,,,,,,,,,,,,,,,,,
,,,,,,,,,,,,,,,,,,,,,,,,,,,
,,,,,,,,,,,,,,,,,,,,,,,,,,,
,,,,,,,,,,,,,,,,,,,,,,,,,,,
,,,,,,,,,,,,,,,,,,,,,,,,,,,
,,,,,,,,,,,,,,,,,,,,,,,,,,,
,,,,,,,,,,,,,,,,,,,,,,,,,,,
,,,,,,,,,,,,,,,,,,,,,,,,,,,
,,,,,,,,,,,,,,,,,,,,,,,,,,,
,,,,,,,,,,,,,,,,,,,,,,,,,,,
,,,,,,,,,,,,,,,,,,,,,,,,,,,
,,,,,,,,,,,,,,,,,,,,,,,,,,,
,,,,,,,,,,,,,,,,,,,,,,,,,,,
,,,,,,,,,,,,,,,,,,,,,,,,,,,
,,,,,,,,,,,,,,,,,,,,,,,,,,,
,,,,,,,,,,,,,,,,,,,,,,,,,,,
,,,,,,,,,,,,,,,,,,,,,,,,,,,
,,,,,,,,,,,,,,,,,,,,,,,,,,,
,,,,,,,,,,,,,,,,,,,,,,,,,,,
,,,,,,,,,,,,,,,,,,,,,,,,,,,
,,,,,,,,,,,,,,,,,,,,,,,,,,,
,,,,,,,,,,,,,,,,,,,,,,,,,,,
,,,,,,,,,,,,,,,,,,,,,,,,,,,
,,,,,,,,,,,,,,,,,,,,,,,,,,,
,,,,,,,,,,,,,,,,,,,,,,,,,,,
,,,,,,,,,,,,,,,,,,,,,,,,,,,
,,,,,,,,,,,,,,,,,,,,,,,,,,,
,,,,,,,,,,,,,,,,,,,,,,,,,,,
,,,,,,,,,,,,,,,,,,,,,,,,,,,
,,,,,,,,,,,,,,,,,,,,,,,,,,,
Wei Y.-S.; Wei X.; Zheng S.-Y.; Hsu C.-H.; Yang C.,"Virtual Reality (VR) applications offer an immersive user experience at the expense of privacy leakage caused by inevitably streaming various new types of user data. While some privacy-preserving approaches have been proposed for protecting one type of data, how to design and evaluate approaches for multiple types of user data are still open. On the other hand, preserving privacy will degrade the quality of experience of VR applications or say the utility of user data. How to achieve efficient utility-privacy tradeoff with multiple types of data is also open. Both call for a dataset that contains multiple types of user data and personal attributes of users as ground-Truth values. In this paper, we collect a 6 degree-of-freedom VR dataset of 3D virtual worlds for the investigation of privacy-preserving approaches and utility-privacy tradeoff.  © 2023 ACM.","Title: A 6DoF VR Dataset of 3D virtualWorld for Privacy-Preserving Approach and Utility-Privacy Tradeoff

Research Abstract: Virtual Reality (VR) applications offer an immersive user experience at the expense of privacy leakage caused by inevitably streaming various new types of user data. While some privacy-preserving approaches have been proposed for protecting one type of data, how to design and evaluate approaches for multiple types of user data are still open. On the other hand, preserving privacy will degrade the quality of experience of VR applications or say the utility of user data. How to achieve efficient utility-privacy tradeoff with multiple types of data is also open. Both call for a dataset that contains multiple types of user data and personal attributes of users as ground-Truth values. In this paper, we collect a 6 degree-of-freedom VR dataset of 3D virtual worlds for the investigation of privacy-preserving approaches and utility-privacy tradeoff.  © 2023 ACM.based on the research abstract, give me in simple terms but in a concise manner:

I) Does the work related to telecommunications or network services ?

II) Does the work focused on both Quality of Experience (QoE) and user privacy aspects ?

III) What is the use case or application ?

IV) What the technologies employed ?

V) Give me results and conclusions of this research

Vi) In a text manner, Please provide a summary of the abstract in simple terms, highlighting the contributions and technologies employed.",2023,0,yes,yes,yes,No,A 6DoF VR Dataset of 3D virtualWorld for Privacy-Preserving Approach and Utility-Privacy Tradeoff,,,,,Virtual Reality,,,,,,,,,10.1145/3587819.3592557, 6DoF (six degrees of freedom) VR dataset of 3D virtual worlds,,"Researchers are working on a problem where Virtual Reality (VR) apps provide an immersive experience but also share user data, which can be a security risk. The challenge is to balance the need for user data protection with the quality of the VR experience. To tackle this issue, they need a dataset that includes multiple types of user data and personal attributes.","While specific results are not given in the abstract, the conclusions likely center around the difficulty in balancing privacy preservation with the utility of the user experience in VR applications. The research contributes a dataset aimed at evaluating and designing privacy-preserving approaches that deal with multiple types of data while maintaining an efficient tradeoff between utility and privacy."
Ftaimi A.; Mazri T.,"5G networks bring a new design paradigm that will revolutionize telecommunications and other sectors, such as industry 4.0, smart cities, and autonomous vehicles. However, with the inherent advantages, many challenges can emerge. Today, the community is increasingly motivated to address these challenges by leveraging deep learning models to improve the 5G end-user quality of experience (QoE). However, this alternative approach would exhibit network assets to a series of security threats that could compromise the availability, integrity, and privacy of 5G architectures. This paper will extensively examine the vulnerabilities in the 5G models to draw the community's attention to the threats they may involve when integrated without sufficient prevention. Its main contribution lies in the comprehensive and adaptive approach it proposes to appraise deep learning models’ security by assessing and managing the vulnerabilities they may present before their implementation in 5G network architectures. © 2022, The Author(s), under exclusive license to Springer Nature Singapore Pte Ltd.","Title: Security of Deep Learning Models in 5G Networks: Proposition of Security Assessment Process

Research Abstract: 5G networks bring a new design paradigm that will revolutionize telecommunications and other sectors, such as industry 4.0, smart cities, and autonomous vehicles. However, with the inherent advantages, many challenges can emerge. Today, the community is increasingly motivated to address these challenges by leveraging deep learning models to improve the 5G end-user quality of experience (QoE). However, this alternative approach would exhibit network assets to a series of security threats that could compromise the availability, integrity, and privacy of 5G architectures. This paper will extensively examine the vulnerabilities in the 5G models to draw the community's attention to the threats they may involve when integrated without sufficient prevention. Its main contribution lies in the comprehensive and adaptive approach it proposes to appraise deep learning models’ security by assessing and managing the vulnerabilities they may present before their implementation in 5G network architectures. © 2022, The Author(s), under exclusive license to Springer Nature Singapore Pte Ltd.based on the research abstract, give me in simple terms but in a concise manner:

I) Does the work related to telecommunications or network services ?

II) Does the work focused on both Quality of Experience (QoE) and user privacy aspects ?

III) What is the use case or application ?

IV) What the technologies employed ?

V) Give me results and conclusions of this research

Vi) In a text manner, Please provide a summary of the abstract in simple terms, highlighting the contributions and technologies employed.",2022,3,yes,yes,yes,Yes,Security of Deep Learning Models in 5G Networks: Proposition of Security Assessment Process,,,,Deep learning models,Security Analysis,,,,,,,,,10.1007/978-981-16-3637-0_28,security assessment of deep learning models used in 5G networks,Security assessment process,The paper examines the vulnerabilities in 5G models and proposes an approach to assess and manage the security of deep learning models before their implementation in 5G network architectures. It aims to draw attention to potential threats and contribute to improving the end-user quality of experience.,"The paper concludes that while deep learning models have the potential to improve QoE in 5G networks, they also introduce significant security vulnerabilities. It proposes an adaptive security assessment process to manage these risks before implementing deep learning models in real-world 5G architectures. The focus is on safeguarding network availability, integrity, and privacy.

"
Wassermann S.; Casas P.; Seufert M.; Wehner N.; Schüler J.; Hossfeld T.,"We address the problem of Web QoE monitoring, in particular Speed Index (SI), from the Internet Service Provider (ISP) perspective, relying on in-network, passive measurements. Given the wide adoption of end-to-end encryption, we resort to machine-learning models to infer the SI of individual web-page loading sessions, using as input only packet-level data. Our study targets the analysis of SI in mobile devices, including smartphones and tablets. To the best of our knowledge, this is the first paper addressing the inference of SI from encrypted network traffic in mobile devices. © 2020 Owner/Author.","Title: How good is your mobile (web) surfing?: Speed index inference from encrypted traffic

Research Abstract: We address the problem of Web QoE monitoring, in particular Speed Index (SI), from the Internet Service Provider (ISP) perspective, relying on in-network, passive measurements. Given the wide adoption of end-to-end encryption, we resort to machine-learning models to infer the SI of individual web-page loading sessions, using as input only packet-level data. Our study targets the analysis of SI in mobile devices, including smartphones and tablets. To the best of our knowledge, this is the first paper addressing the inference of SI from encrypted network traffic in mobile devices. © 2020 Owner/Author.based on the research abstract, give me in simple terms but in a concise manner:

I) Does the work related to telecommunications or network services ?

II) Does the work focused on both Quality of Experience (QoE) and user privacy aspects ?

III) What is the use case or application ?

IV) What the technologies employed ?

V) Give me results and conclusions of this research

Vi) In a text manner, Please provide a summary of the abstract in simple terms, highlighting the contributions and technologies employed.",2020,1,yes,yes,yes,Yes,How good is your mobile (web) surfing?: Speed index inference from encrypted traffic,,,,Machine Learning,QoE Monitoring,,,,,,,,,10.1145/3405837.3411382,ISPs to monitor web browsing performance on mobile devices (smartphones and tablets) by inferring the Speed Index from encrypted traffic,Encrypted Traffic,"This research focuses on helping Internet Service Providers (ISPs) monitor how fast web pages load on mobile devices (like smartphones and tablets) by predicting the Speed Index, which measures loading speed. Since traffic is often encrypted, they can't use traditional methods like deep packet inspection, so they turn to machine learning. By analyzing the flow of packets, they infer how long a web page takes to load. ","The study presents the first approach to inferring the Speed Index of web page loading on mobile devices from encrypted traffic. By using machine learning models and packet-level data, the researchers successfully demonstrated that ISPs can monitor web browsing QoE without accessing the content of encrypted sessions."
Corcuera Bárcena J.L.; Ducange P.; Marcelloni F.; Renda A.,"Federated Learning (FL) lets multiple data owners collaborate in training a global model without any violation of data privacy, which is a crucial requirement for enhancing users’ trust in Artificial Intelligence (AI) systems. Despite the significant momentum recently gained by the FL paradigm, most of the existing approaches in the field neglect another key pillar for the trustworthiness of AI systems, namely explainability. In this paper, we propose a novel approach for FL of fuzzy regression trees (FRTs), which are generally acknowledged as highly interpretable by-design models. The proposed FL procedure is designed for the scenario of horizontally partitioned data and is based on the transmission of aggregated statistics from the clients to a central server for the tree induction procedure. It is shown that the proposed approach faithfully approximates the ideal case in which the tree induction algorithm is applied on the union of all local datasets, while still ensuring privacy preservation. Furthermore, the FL approach brings benefits, in terms of generalization capability, compared to the local learning setting in which each participant learns its own FRT based only on the private, local, dataset. The adoption of linear models in the leaf nodes ensures a competitive level of performance, as assessed by an extensive experimental campaign on benchmark datasets. The analysis of the results covers both the aspects of accuracy and interpretability of FRT. Finally, we discuss the application of the proposed federated FRT to the task of Quality of Experience forecasting in an automotive case-study. © 2024 The Author(s)","Title: Increasing trust in AI through privacy preservation and model explainability: Federated Learning of Fuzzy Regression Trees

Research Abstract: Federated Learning (FL) lets multiple data owners collaborate in training a global model without any violation of data privacy, which is a crucial requirement for enhancing users’ trust in Artificial Intelligence (AI) systems. Despite the significant momentum recently gained by the FL paradigm, most of the existing approaches in the field neglect another key pillar for the trustworthiness of AI systems, namely explainability. In this paper, we propose a novel approach for FL of fuzzy regression trees (FRTs), which are generally acknowledged as highly interpretable by-design models. The proposed FL procedure is designed for the scenario of horizontally partitioned data and is based on the transmission of aggregated statistics from the clients to a central server for the tree induction procedure. It is shown that the proposed approach faithfully approximates the ideal case in which the tree induction algorithm is applied on the union of all local datasets, while still ensuring privacy preservation. Furthermore, the FL approach brings benefits, in terms of generalization capability, compared to the local learning setting in which each participant learns its own FRT based only on the private, local, dataset. The adoption of linear models in the leaf nodes ensures a competitive level of performance, as assessed by an extensive experimental campaign on benchmark datasets. The analysis of the results covers both the aspects of accuracy and interpretability of FRT. Finally, we discuss the application of the proposed federated FRT to the task of Quality of Experience forecasting in an automotive case-study. © 2024 The Author(s)based on the research abstract, give me in simple terms but in a concise manner:

I) Does the work related to telecommunications or network services ?

II) Does the work focused on both Quality of Experience (QoE) and user privacy aspects ?

III) What is the use case or application ?

IV) What the technologies employed ?

V) Give me results and conclusions of this research

Vi) In a text manner, Please provide a summary of the abstract in simple terms, highlighting the contributions and technologies employed.",2025,0,yes,no,yes,Yes,Increasing trust in AI through privacy preservation and model explainability: Federated Learning of Fuzzy Regression Trees,,,,Federated Learning,QoE Forecasting,,,,,,,,,10.1016/j.inffus.2024.102598,QoE forecasting in the automotive sector,Fuzzy Regression Trees," This research explores how Federated Learning (FL) can be used to build trustworthy AI systems by preserving data privacy and improving model explainability. It introduces a new method to train Fuzzy Regression Trees (FRTs) in a federated setting, which allows multiple parties to train a model without sharing their data. FRTs are known for being easy to interpret, which enhances user trust. By using aggregated data instead of individual datasets, the model remains accurate and private. The approach is tested on various datasets, showing that it performs well both in accuracy and interpretability.","The Federated Learning approach for Fuzzy Regression Trees approximates the performance of a global model trained on combined data, while ensuring privacy preservation.
It offers better generalization than local models trained solely on individual datasets.
The combination of FRT and Federated Learning provides both accuracy and interpretability, which builds trust in AI systems.
The research successfully applied this method to forecast QoE in an automotive case study."